nose_X,nose_Y,neck_X,neck_Y,leftEye_X,leftEye_Y,rightEye_X,rightEye_Y,leftEar_X,leftEar_Y,rightEar_X,rightEar_Y,leftShoulder_X,leftShoulder_Y,rightShoulder_X,rightShoulder_Y,leftElbow_X,leftElbow_Y,rightElbow_X,rightElbow_Y,leftWrist_X,leftWrist_Y,rightWrist_X,rightWrist_Y,wrist_0_X,wrist_0_Y,thumbCMC_0_X,thumbCMC_0_Y,thumbMP_0_X,thumbMP_0_Y,thumbIP_0_X,thumbIP_0_Y,thumbTip_0_X,thumbTip_0_Y,indexMCP_0_X,indexMCP_0_Y,indexPIP_0_X,indexPIP_0_Y,indexDIP_0_X,indexDIP_0_Y,indexTip_0_X,indexTip_0_Y,middleMCP_0_X,middleMCP_0_Y,middlePIP_0_X,middlePIP_0_Y,middleDIP_0_X,middleDIP_0_Y,middleTip_0_X,middleTip_0_Y,ringMCP_0_X,ringMCP_0_Y,ringPIP_0_X,ringPIP_0_Y,ringDIP_0_X,ringDIP_0_Y,ringTip_0_X,ringTip_0_Y,littleMCP_0_X,littleMCP_0_Y,littlePIP_0_X,littlePIP_0_Y,littleDIP_0_X,littleDIP_0_Y,littleTip_0_X,littleTip_0_Y,wrist_1_X,wrist_1_Y,thumbCMC_1_X,thumbCMC_1_Y,thumbMP_1_X,thumbMP_1_Y,thumbIP_1_X,thumbIP_1_Y,thumbTip_1_X,thumbTip_1_Y,indexMCP_1_X,indexMCP_1_Y,indexPIP_1_X,indexPIP_1_Y,indexDIP_1_X,indexDIP_1_Y,indexTip_1_X,indexTip_1_Y,middleMCP_1_X,middleMCP_1_Y,middlePIP_1_X,middlePIP_1_Y,middleDIP_1_X,middleDIP_1_Y,middleTip_1_X,middleTip_1_Y,ringMCP_1_X,ringMCP_1_Y,ringPIP_1_X,ringPIP_1_Y,ringDIP_1_X,ringDIP_1_Y,ringTip_1_X,ringTip_1_Y,littleMCP_1_X,littleMCP_1_Y,littlePIP_1_X,littlePIP_1_Y,littleDIP_1_X,littleDIP_1_Y,littleTip_1_X,littleTip_1_Y,labels
0.50984794,0.8294212,0.5,1.4209098,0.5238247,0.7050469,0.4898692,0.71448267,0.53417647,0.7518495,0.47203565,0.7664003,0.5832902,1.4114228,0.41670978,1.4303967,0.64460933,2.2183313,0.34955043,2.2551224,0.5626083,2.5197043,0.4423787,2.5947928,0.8724439,0.47589728,0.75306374,0.21001875,0.59555876,0.083333224,0.44931906,0.10993025,0.32769778,0.13113117,0.5106711,0.32531583,0.32708496,0.37238047,0.212091,0.39114,0.12755588,0.3980447,0.5265748,0.5337702,0.34826517,0.5645128,0.22913031,0.58137417,0.1340091,0.58379346,0.54943573,0.7031211,0.38474733,0.7475521,0.27358946,0.7680496,0.18572164,0.7780593,0.5788731,0.83798677,0.43770623,0.8847967,0.34586412,0.9043099,0.26752996,0.91666657,0.08333336,0.54764587,0.18584393,0.25924385,0.33723956,0.101520196,0.481433,0.11520836,0.55848897,0.1871136,0.43342838,0.4623824,0.6551179,0.4590276,0.7739306,0.42079848,0.8639298,0.38286537,0.43374345,0.6803446,0.67673737,0.6948185,0.8146803,0.678545,0.9166667,0.66804826,0.4164786,0.824567,0.63956803,0.8627491,0.7728249,0.8502257,0.86810166,0.82935125,0.39085436,0.8984801,0.5611774,0.8979555,0.6582305,0.8670134,0.7279227,0.8329546,0
0.50980175,0.8302604,0.5,1.4223682,0.5238279,0.7051046,0.48984897,0.7152671,0.5343018,0.7520182,0.47187412,0.76725453,0.58328986,1.4128429,0.41671014,1.4318933,0.6448356,2.218399,0.34937966,2.2569926,0.563071,2.518112,0.44250226,2.5966046,0.874604,0.47790515,0.75831074,0.21249998,0.60009676,0.083333224,0.45373425,0.10792519,0.3325531,0.121073544,0.5102415,0.32490858,0.32705837,0.36659312,0.21129082,0.38382366,0.1253958,0.39125296,0.52605706,0.53341025,0.34693903,0.5608057,0.2273147,0.5768834,0.1294631,0.5807879,0.54884887,0.7034547,0.38344288,0.74692786,0.2716118,0.7660044,0.18106921,0.77564895,0.5781665,0.83980733,0.43580726,0.88785225,0.34331626,0.90559876,0.26288643,0.91666657,0.08333344,0.54872173,0.1857676,0.25758392,0.33893374,0.10036236,0.48316374,0.117411956,0.5569009,0.19406554,0.43617582,0.46372497,0.65734595,0.45866868,0.77658635,0.4219728,0.86725116,0.38701066,0.43652278,0.68220574,0.6775098,0.6984411,0.8149642,0.68399656,0.91666675,0.6758072,0.41905454,0.82634443,0.6406585,0.86521316,0.7729216,0.85114956,0.86746836,0.8306126,0.39321876,0.8996373,0.56227875,0.8979758,0.6580022,0.8667867,0.7264528,0.834797,0
0.5097399,0.8320555,0.5,1.4209999,0.5238257,0.70557696,0.48983926,0.7167676,0.5344726,0.75205594,0.47178358,0.76812875,0.5832912,1.4116336,0.41670886,1.4303663,0.64497197,2.2152474,0.34923992,2.2541687,0.56338173,2.5131063,0.44248167,2.593767,0.87591916,0.4825374,0.75798404,0.21451801,0.60027015,0.08333305,0.4526326,0.111067645,0.3308914,0.1249133,0.5075588,0.33221647,0.3223079,0.36636326,0.20882276,0.37845635,0.12408086,0.3827304,0.5221003,0.5452416,0.3404658,0.56717837,0.22224939,0.57983863,0.12620045,0.5825085,0.5444311,0.71775556,0.3763334,0.75646585,0.2661111,0.77083594,0.1777365,0.7777641,0.5732584,0.8544281,0.42719352,0.89772046,0.33439425,0.90976185,0.25493166,0.9166664,0.08333344,0.54932404,0.18427731,0.2572144,0.33693764,0.10128919,0.48180312,0.11343519,0.5602938,0.1792822,0.44099483,0.46559885,0.6599191,0.45912522,0.7779118,0.42094204,0.86725897,0.3845418,0.44087005,0.6838807,0.67810297,0.6987142,0.81472,0.68389803,0.91666675,0.6757107,0.4231487,0.8268607,0.6401694,0.86179477,0.77119166,0.8487909,0.8666669,0.83083355,0.3981889,0.8987105,0.56612056,0.8961808,0.6630733,0.8669181,0.7339839,0.83778125,0
0.5096382,0.8346538,0.5,1.4179883,0.52379566,0.70646983,0.4897802,0.7191973,0.5344829,0.75188935,0.47168508,0.7694685,0.5832934,1.408901,0.41670662,1.4270756,0.64509887,2.2092302,0.3489793,2.2477582,0.56346464,2.5065074,0.44237,2.5878196,0.8690315,0.48008847,0.753355,0.21437965,0.5992858,0.08333345,0.45227072,0.1149054,0.3300237,0.13308325,0.5030503,0.33619434,0.3221399,0.37013364,0.21318217,0.38155496,0.13096842,0.38397697,0.51846963,0.54829735,0.34065086,0.57171947,0.22539176,0.583931,0.13194129,0.58574146,0.5428319,0.7195772,0.378071,0.7592602,0.27051678,0.77384865,0.18429686,0.7791746,0.57416993,0.855711,0.43049112,0.8988564,0.34068862,0.9105556,0.26374504,0.91666675,0.08333336,0.55093604,0.18342574,0.2559417,0.33515456,0.10033332,0.4807373,0.11139116,0.56405705,0.17332512,0.4399812,0.4646479,0.6583334,0.45790508,0.7762739,0.4200149,0.8664885,0.38412043,0.44121894,0.68403494,0.676305,0.69847286,0.81321186,0.6830182,0.9166667,0.67399335,0.42393556,0.827854,0.63831204,0.86130124,0.76868105,0.8488302,0.8643638,0.8320384,0.39951584,0.8996665,0.566881,0.8976807,0.6644176,0.871744,0.7366328,0.847158,0
0.50938106,0.83734137,0.5,1.4126506,0.52363306,0.70813334,0.489567,0.72225314,0.5343792,0.751446,0.47143894,0.77122545,0.58329344,1.4036231,0.41670653,1.4216781,0.64522034,2.2000928,0.3481916,2.2347298,0.56340516,2.4967995,0.44174263,2.5771692,0.87240875,0.4841699,0.7570511,0.21634583,0.6009608,0.083333336,0.4520561,0.11063906,0.32814887,0.13085665,0.50558364,0.33324784,0.32429108,0.36587965,0.2132058,0.37509233,0.12917437,0.3745908,0.5203196,0.54693747,0.34185645,0.56980443,0.22410956,0.580774,0.12759152,0.5792598,0.544116,0.7227541,0.3785626,0.7612551,0.26858118,0.7730254,0.17947012,0.77409446,0.5757403,0.8651126,0.43087658,0.9053648,0.33807132,0.91372323,0.25764236,0.9166667,0.083333306,0.5462565,0.18470699,0.2553338,0.3377692,0.09954578,0.48166332,0.11074336,0.5572735,0.18195882,0.44144222,0.46267143,0.66021234,0.4568172,0.7797793,0.4224167,0.87076527,0.3906161,0.4421194,0.6815561,0.67736924,0.6996632,0.81462705,0.6872085,0.9166666,0.68115246,0.42411897,0.8264025,0.6386176,0.8634839,0.7700023,0.8525533,0.865084,0.8373662,0.39849004,0.89919305,0.56442505,0.90045387,0.6618741,0.875751,0.73344433,0.8525386,0
0.50921744,0.8401735,0.5,1.4046528,0.5235533,0.71010053,0.48950055,0.7244144,0.5343661,0.75118244,0.47126395,0.77098656,0.5832949,1.3958441,0.41670516,1.4134618,0.64523906,2.1871023,0.3473594,2.2155123,0.5633513,2.4829948,0.44083986,2.5579126,0.8832488,0.50124717,0.7713285,0.22300598,0.6072975,0.083333105,0.45519623,0.108398795,0.33031094,0.12240364,0.50310284,0.33443233,0.32158896,0.37183297,0.20696205,0.38194248,0.121143214,0.38177416,0.5176881,0.5518133,0.33930832,0.5721049,0.21771179,0.58205706,0.11675103,0.58046204,0.5403821,0.7311749,0.37500072,0.7603298,0.26279712,0.76782614,0.17014362,0.76787955,0.57124406,0.8805939,0.42463204,0.9136046,0.3292769,0.91666645,0.24577893,0.9166003,0.08702633,0.50688124,0.20241363,0.23490787,0.35706836,0.08333339,0.49655855,0.10591875,0.56503767,0.20041189,0.44870746,0.43247017,0.66197056,0.46088552,0.7824866,0.45578542,0.87471396,0.44775164,0.44192427,0.65049446,0.6726027,0.7058197,0.8105436,0.72278684,0.9129738,0.7363348,0.4168582,0.8016123,0.6282559,0.86924654,0.7607619,0.8857996,0.85784245,0.8920736,0.3846401,0.8860655,0.5511913,0.91666675,0.6483101,0.91275364,0.71932983,0.90428686,0
0.5088978,0.84157187,0.5,1.399315,0.5233559,0.7117769,0.48942256,0.7258309,0.53421736,0.7520225,0.47077438,0.77139574,0.58329606,1.3906983,0.4167039,1.4079316,0.6450112,2.1786284,0.3458716,2.1882315,0.56287545,2.4757726,0.43368587,2.5205827,0.8994851,0.5083849,0.78850913,0.23508109,0.61641127,0.08333315,0.4612352,0.094446704,0.3377579,0.08442673,0.5160078,0.34316817,0.32407263,0.3744442,0.20083185,0.3753534,0.10776987,0.3708256,0.52532357,0.56366754,0.33933276,0.56631446,0.21074688,0.5670999,0.10051509,0.55720854,0.5402177,0.74408096,0.3691831,0.75650465,0.25155917,0.7542053,0.15272234,0.74281573,0.55974203,0.8985462,0.40745977,0.91666645,0.3095282,0.91259235,0.22174762,0.9036854,0.16302247,0.39470282,0.2770317,0.19447558,0.40966508,0.083333336,0.5251843,0.107897945,0.58810264,0.21088871,0.46464777,0.35345727,0.6395883,0.4404368,0.7426096,0.4867723,0.8228221,0.5226455,0.44641507,0.5289592,0.6338541,0.64766073,0.74988115,0.71334517,0.83697754,0.7633083,0.41596735,0.6656172,0.5818254,0.79178995,0.69151586,0.8608174,0.773688,0.90995276,0.3810303,0.7610576,0.51929957,0.8494114,0.60528725,0.890063,0.67253184,0.9166667,0
0.50810117,0.8406251,0.5,1.3953161,0.5226126,0.711118,0.4888154,0.7257115,0.5335392,0.7511085,0.4701742,0.7713912,0.5833064,1.38797,0.4166936,1.4026625,0.643642,2.1795535,0.34179837,2.149364,0.55851156,2.476219,0.4176228,2.3987541,0.8782634,0.5294256,0.7777675,0.27289337,0.60877264,0.121319816,0.4712571,0.12461194,0.36143222,0.08333316,0.5125821,0.36745226,0.33371264,0.37508568,0.21490674,0.35765803,0.12896624,0.33896604,0.5185984,0.57486296,0.33409408,0.5688154,0.2180933,0.5471922,0.121736825,0.5242185,0.5332059,0.7434772,0.35631272,0.75588864,0.24957061,0.73002476,0.16809462,0.6982886,0.5571918,0.89368874,0.39381325,0.9166665,0.2979594,0.894982,0.22377585,0.8639572,0.18710825,0.24198344,0.33020478,0.12286605,0.47895098,0.08333351,0.5943045,0.12679987,0.6715826,0.22478057,0.5053384,0.26772627,0.65679914,0.42725307,0.74569434,0.5213282,0.81289184,0.58579457,0.4636652,0.4229648,0.6244348,0.6099816,0.7199458,0.7104668,0.7925657,0.7769554,0.4091361,0.5537814,0.5534754,0.7347601,0.6411499,0.8331821,0.70758736,0.9001036,0.35077167,0.6550791,0.4648119,0.7940732,0.5367264,0.86635345,0.5949312,0.9166668,0
0.5052567,0.84175634,0.5,1.3829566,0.5203852,0.71111417,0.48623255,0.7291673,0.532059,0.7470489,0.4690512,0.7721332,0.5833231,1.3784258,0.4166769,1.3874874,0.6408708,2.1924102,0.33805582,2.1084814,0.5420816,2.4648528,0.3964344,2.160394,0.80408436,0.56630254,0.7032259,0.3120138,0.54672855,0.15628925,0.41362026,0.14484157,0.31336406,0.083333336,0.49353406,0.35317814,0.25584742,0.40050745,0.19591591,0.3612477,0.21494295,0.31756616,0.49726403,0.57251537,0.2343975,0.5874784,0.20144758,0.5129011,0.24623604,0.4661903,0.5095165,0.7562176,0.26789352,0.77223843,0.25129172,0.6879099,0.30146134,0.6329948,0.5309889,0.91183215,0.33483317,0.9166667,0.31159073,0.8402711,0.34210357,0.7897192,0.11263304,0.17433251,0.34570086,0.10429228,0.5919235,0.13091941,0.76595175,0.20006739,0.8873668,0.3157781,0.58538574,0.083333656,0.75537,0.3682898,0.83873045,0.57867694,0.88180923,0.75530136,0.4625271,0.18202733,0.6189269,0.47146696,0.68385,0.66850394,0.7150679,0.80793643,0.32374224,0.3183307,0.46305916,0.60104096,0.53074664,0.78761756,0.5766893,0.9050742,0.18671599,0.4756034,0.29075703,0.7107814,0.34520742,0.84053385,0.38349438,0.916667,0
0.5023344,0.8457236,0.5,1.3660021,0.51800317,0.7126593,0.48345524,0.7359434,0.53037864,0.7427844,0.46769002,0.7757763,0.58332276,1.3614253,0.41667724,1.3705789,0.6306336,2.196051,0.332815,2.07639,0.52021337,2.404037,0.37667745,1.8437192,0.79505557,0.5988973,0.70197755,0.29986733,0.54101884,0.12635559,0.3959177,0.10632033,0.27967352,0.0833332,0.48544505,0.32009667,0.22637628,0.33721262,0.20494421,0.2651151,0.26742294,0.22729315,0.4885916,0.5564284,0.21140338,0.5359601,0.21586959,0.45079115,0.29163203,0.43108734,0.5012489,0.7532607,0.24425577,0.72474945,0.26465538,0.6436544,0.3406037,0.62248933,0.521221,0.91666657,0.31592414,0.8736389,0.3310136,0.80445164,0.3974086,0.7896949,0.11355968,0.916667,0.38942143,0.7825545,0.6752007,0.50870204,0.85979086,0.2842513,0.91171557,0.11349129,0.6739567,0.10153682,0.8051652,0.08333365,0.7175524,0.21489865,0.67117536,0.28693035,0.5016207,0.11851008,0.5885297,0.13908012,0.5320242,0.2524545,0.5099304,0.3121329,0.29672468,0.21135302,0.36162233,0.23678212,0.33307827,0.3262475,0.32193244,0.37122348,0.088284574,0.33391508,0.14448209,0.33585912,0.1481859,0.4166933,0.14312586,0.4630892,0
0.501806,0.84966135,0.5,1.3641853,0.5172991,0.7129801,0.48304012,0.7407667,0.52975976,0.74183285,0.46739966,0.78335685,0.58326817,1.3528355,0.41673183,1.3755352,0.61462,2.210521,0.32460272,1.9910673,0.49253276,2.290992,0.36294672,1.6431553,0.811292,0.58073145,0.6966401,0.24211529,0.51941144,0.08333326,0.37226284,0.0992651,0.2496883,0.10567844,0.4563185,0.3403458,0.18870784,0.37738588,0.2229151,0.26974705,0.3092811,0.22368255,0.4687921,0.58173835,0.21785268,0.540713,0.26451904,0.4431159,0.35897118,0.44488847,0.49170795,0.7714998,0.2654275,0.70221007,0.30560288,0.622677,0.3878364,0.6229514,0.51702833,0.91666657,0.3273185,0.8337442,0.35436127,0.76057667,0.42737255,0.7635398,0.37782505,0.91666657,0.52900857,0.8208231,0.6485399,0.58205587,0.7095172,0.36122835,0.7189935,0.1735799,0.5965773,0.23858967,0.62491,0.083333276,0.63307863,0.2978699,0.628441,0.3970198,0.4938321,0.2236807,0.52068704,0.19536234,0.53119886,0.4338223,0.5226488,0.4686814,0.38720673,0.25969967,0.41269156,0.28034028,0.42993388,0.49051034,0.42653978,0.5120714,0.28100637,0.32201996,0.3103666,0.3508138,0.33625862,0.50463814,0.33826157,0.53999,0
0.49888253,0.8603337,0.5,1.3494921,0.51395,0.7195069,0.47987774,0.75328064,0.52670527,0.7401912,0.46431133,0.79307634,0.5832459,1.336643,0.41675416,1.3623412,0.5900463,2.1892154,0.31358585,1.8625046,0.45506394,2.2135024,0.3474297,1.4495608,0.8047306,0.57025987,0.6974516,0.2220904,0.5109418,0.08333326,0.35466576,0.09769928,0.25221926,0.16466126,0.40577507,0.3636363,0.1952696,0.36604553,0.2521728,0.29969725,0.33820745,0.28506562,0.41213506,0.6016388,0.26091793,0.52533823,0.31793258,0.45582864,0.3893601,0.46557745,0.44155,0.783278,0.3200532,0.675804,0.36331794,0.61728525,0.42317727,0.62546635,0.47543424,0.91666657,0.371433,0.7987693,0.4124524,0.74881256,0.46546945,0.76301783,0.28072017,0.91666675,0.46232426,0.82035273,0.6135615,0.6308815,0.6937166,0.42200342,0.72704583,0.2382807,0.5913977,0.33235645,0.6498497,0.08333344,0.63752604,0.2764779,0.6140425,0.4190742,0.48830497,0.2886315,0.5302047,0.17046264,0.51267034,0.41334078,0.48920438,0.49986592,0.3828637,0.28159088,0.42158478,0.18110055,0.413213,0.41150135,0.39310965,0.49118128,0.2729544,0.29826927,0.31439704,0.21242137,0.31896025,0.3926256,0.3055994,0.47593677,0
0.49417046,0.8699486,0.5,1.3448898,0.5095877,0.7278574,0.47458115,0.7622052,0.5229572,0.7429254,0.45962638,0.7988383,0.5832864,1.3357573,0.4167136,1.3540224,0.561143,2.1806426,0.3037461,1.7642646,0.42179516,2.1391802,0.33424193,1.3000546,0.82656705,0.6141337,0.7189015,0.23362285,0.5312044,0.08333312,0.35426992,0.10023874,0.23242569,0.14069238,0.37840077,0.33949655,0.17343286,0.31956938,0.22883277,0.26479205,0.3180758,0.262866,0.372227,0.58935845,0.28189564,0.48819962,0.35137868,0.4319731,0.41597965,0.45047826,0.40433952,0.77497166,0.3409751,0.64396536,0.39027718,0.5908606,0.44848168,0.6008052,0.443494,0.91666645,0.38715753,0.77947605,0.43624943,0.7248598,0.4896295,0.7321287,0.20454201,0.91666675,0.4016212,0.8901015,0.5921195,0.7188035,0.72362924,0.49903712,0.7954581,0.28747553,0.6192861,0.3723167,0.72772974,0.08333337,0.6821177,0.30019855,0.63178355,0.4579125,0.5052678,0.295122,0.5680294,0.15182646,0.5081092,0.4478367,0.48414293,0.512371,0.37956753,0.2580482,0.4355548,0.14122729,0.38829714,0.41541475,0.3674224,0.46752545,0.24439879,0.24397513,0.2992281,0.15916543,0.2790653,0.37062696,0.25699905,0.43854982,0
0.4914303,0.8729396,0.5,1.3322278,0.5072405,0.73623484,0.4711403,0.76797414,0.52087164,0.74788165,0.45673776,0.8016131,0.5833323,1.3335613,0.41666776,1.3308945,0.534757,2.1476316,0.29622436,1.711318,0.4037848,2.053035,0.32454193,1.204213,0.8266171,0.6939856,0.71291095,0.28875735,0.53448814,0.11274531,0.36656186,0.08333361,0.24824189,0.11867746,0.3829495,0.31435364,0.17338273,0.2499405,0.21869548,0.19473743,0.3076501,0.19572951,0.36833066,0.5606843,0.29314804,0.41218963,0.37033868,0.38207424,0.43710715,0.42711228,0.3969211,0.75449914,0.3496105,0.5878544,0.4044526,0.55274063,0.4615637,0.5839948,0.43447363,0.9166669,0.38970044,0.7510556,0.44489157,0.7076944,0.4988833,0.73520756,0.1461155,0.9064284,0.35170102,0.91666675,0.5687911,0.7605321,0.7426378,0.5631806,0.8538846,0.35300457,0.64609885,0.39978042,0.77969927,0.11169061,0.71216124,0.29822326,0.63497645,0.44362238,0.52572954,0.2834011,0.5987873,0.11791694,0.503407,0.41480953,0.48154867,0.46595946,0.3896992,0.21318847,0.44628602,0.091021925,0.37018207,0.3722185,0.3551011,0.4144313,0.24538761,0.16609254,0.2971047,0.08333337,0.26277837,0.2978902,0.24510916,0.35275832,0
0.4901401,0.87457955,0.5,1.3138927,0.50620866,0.7425755,0.46949127,0.7758308,0.5199507,0.74763036,0.45550978,0.80401415,0.58332956,1.3163531,0.4166705,1.3114324,0.5281834,2.101955,0.2943392,1.6670089,0.40037233,1.934412,0.3199673,1.1309322,0.80005014,0.7456582,0.7191555,0.37109983,0.5669266,0.19105761,0.409541,0.1187654,0.29670167,0.0833332,0.40049762,0.3290224,0.19994996,0.24822436,0.26926503,0.22566818,0.36339787,0.2449648,0.38315752,0.56148356,0.3306049,0.44738588,0.40941033,0.4323425,0.46611732,0.45937985,0.41024116,0.75249785,0.38818082,0.62406015,0.44698524,0.60383224,0.49777934,0.6319099,0.44798976,0.91666657,0.4372476,0.7830542,0.49658862,0.76189756,0.54389656,0.78609306,0.13052808,0.8752951,0.32749307,0.9166667,0.5562141,0.7810335,0.74276996,0.59120524,0.8694719,0.41923767,0.6585183,0.43786702,0.80213577,0.14763737,0.71196604,0.33632973,0.6406031,0.46149853,0.54134375,0.31230578,0.611998,0.14044268,0.4993085,0.4403407,0.5011034,0.46217257,0.41384622,0.23229691,0.46094367,0.10150312,0.3731376,0.38366982,0.38047525,0.40086532,0.27861267,0.16962135,0.31427702,0.083333336,0.272436,0.3009303,0.26960802,0.3509971,0
0.48874238,0.87417203,0.5,1.2934949,0.5050607,0.7476959,0.46790162,0.7814065,0.5190357,0.74873596,0.45438614,0.80304617,0.5833253,1.2969916,0.41667467,1.289998,0.5275123,2.0623221,0.3016475,1.65217,0.39938593,1.8929489,0.31435552,1.1377656,0.7842368,0.7914096,0.7155533,0.41003716,0.56669265,0.22102848,0.40636164,0.14518644,0.29290473,0.083333656,0.39087853,0.32430542,0.21576323,0.23193803,0.28719047,0.22827646,0.37935504,0.25316232,0.37033492,0.55078644,0.33497944,0.45242742,0.4131849,0.45065203,0.47135958,0.4747448,0.39400458,0.7442439,0.38602537,0.629622,0.4428329,0.61767894,0.49449143,0.6466042,0.42879534,0.916667,0.42822516,0.79228365,0.4839655,0.7800115,0.5271592,0.8064641,0.13735767,0.87403774,0.31968305,0.91666657,0.5467483,0.7916091,0.7301302,0.6054603,0.8626421,0.45139742,0.658941,0.44910932,0.8041088,0.17639169,0.6995501,0.3460521,0.62981397,0.46324706,0.5442222,0.32473218,0.60418266,0.15041925,0.4838485,0.43260834,0.49418366,0.46973282,0.42128515,0.24129626,0.45219186,0.11532002,0.3613463,0.38970324,0.3815818,0.42222124,0.29337928,0.17394307,0.31831807,0.08333322,0.27008328,0.29621273,0.2701238,0.35855025,0
0.4865768,0.87578297,0.5,1.2785892,0.50303,0.7512969,0.46551076,0.78762037,0.5173561,0.7493188,0.45275933,0.80264497,0.58332545,1.2820204,0.4166746,1.275158,0.53188473,2.0401213,0.3114117,1.6618412,0.40151265,1.9037746,0.3044541,1.1909707,0.7856476,0.7936102,0.71599364,0.41829473,0.5686733,0.2284236,0.40566906,0.15117392,0.29057777,0.08333313,0.3784255,0.3062253,0.21435265,0.2314872,0.28459227,0.24305429,0.37320173,0.25987616,0.35391235,0.52885425,0.33277515,0.4686876,0.40763912,0.4782143,0.46699893,0.49135932,0.37476045,0.7317963,0.38097313,0.6498075,0.43453866,0.6472582,0.48865283,0.6695772,0.40717125,0.91666645,0.41522607,0.8256437,0.46962735,0.8139487,0.51369846,0.8310176,0.14144993,0.89254767,0.3225525,0.91666657,0.5419027,0.7534215,0.7220846,0.5410135,0.8585503,0.38393983,0.6578917,0.4159584,0.81184876,0.102468304,0.6990491,0.27097997,0.61381346,0.40728304,0.5333021,0.2974749,0.5832833,0.0978429,0.46308535,0.38511926,0.46479854,0.45040128,0.40180922,0.22698063,0.417531,0.09260081,0.33357084,0.38091767,0.35375333,0.4449949,0.27019736,0.18090887,0.28683254,0.08333325,0.24478176,0.30256578,0.24916808,0.38780183,0
0.48397943,0.8780369,0.5,1.2588344,0.50058293,0.7558157,0.46278316,0.7913645,0.51557946,0.74906,0.45118412,0.80123264,0.58333087,1.2607164,0.41666913,1.2569524,0.53496456,2.0071814,0.3201469,1.6889571,0.40205526,1.9083046,0.29009712,1.226702,0.82882935,0.6850617,0.7335538,0.30868098,0.56075686,0.15122713,0.39906174,0.12342757,0.28150576,0.08333356,0.37102935,0.25284258,0.17907213,0.2422663,0.17117077,0.23922904,0.22469091,0.24207169,0.35125342,0.4805579,0.34689972,0.49376026,0.4271835,0.49658775,0.49692664,0.48987034,0.3857333,0.7060333,0.40505108,0.67703503,0.46324828,0.6703812,0.5190837,0.6613512,0.43293545,0.9166669,0.4556218,0.86657286,0.51511425,0.84194994,0.5597028,0.8323815,0.2129206,0.8998469,0.39203689,0.91666657,0.5573942,0.7434828,0.6789909,0.5028175,0.7870796,0.3414755,0.638108,0.41486546,0.7682997,0.083333224,0.68227684,0.2428654,0.60445756,0.41262934,0.5149677,0.34126905,0.55353856,0.1354313,0.47095504,0.39156726,0.44805664,0.528833,0.39121887,0.31255588,0.41036597,0.18209985,0.35239595,0.428207,0.34313723,0.53766924,0.27227035,0.30981752,0.3069203,0.20813297,0.27597255,0.3993538,0.2650348,0.5084508,0
0.48578778,0.8756596,0.5,1.2289475,0.5027054,0.7573071,0.464747,0.7827962,0.5174881,0.7479038,0.4529906,0.78730834,0.58332753,1.2260774,0.41667253,1.2318176,0.53947574,1.9616389,0.33827534,1.7772098,0.40549645,1.9283817,0.2828624,1.3504279,0.85646194,0.48554602,0.6827643,0.15186709,0.46525115,0.08333358,0.29507977,0.15044127,0.1871797,0.23932998,0.32571205,0.23081417,0.14353773,0.31206936,0.17484462,0.31452233,0.24770845,0.28888083,0.333398,0.47656658,0.31507376,0.54828304,0.39905283,0.52653027,0.46688217,0.47837198,0.38973922,0.7096997,0.39172935,0.7333752,0.45803216,0.702911,0.5179471,0.6573921,0.45789108,0.9166669,0.4568631,0.9095012,0.5199601,0.8696731,0.569245,0.83578044,0.3351507,0.91666657,0.38738015,0.849301,0.48226434,0.61212814,0.5812848,0.34180903,0.66484904,0.1643511,0.5344467,0.43052948,0.6457005,0.13868926,0.6426668,0.1715998,0.6360777,0.23023573,0.48236325,0.3569322,0.55690956,0.08333321,0.53842026,0.21192592,0.5298714,0.33045813,0.4309988,0.32596624,0.48636273,0.12349151,0.47021654,0.27687413,0.4618794,0.39768592,0.3837321,0.32282513,0.4280773,0.17689127,0.42398965,0.28657845,0.41928285,0.39361754,0
0.4911522,0.86955255,0.5,1.221087,0.507485,0.7521704,0.4702873,0.771922,0.5204287,0.7434238,0.45753953,0.7748254,0.5830005,1.1989596,0.41699946,1.2432142,0.560888,1.9440212,0.36961088,1.9340595,0.42036393,1.9807755,0.2872302,1.595118,0.8284477,0.20814615,0.60786533,0.08333365,0.3952604,0.18331273,0.24944021,0.3796617,0.18819,0.5856325,0.3149283,0.3026125,0.17155251,0.5640792,0.24454625,0.56784576,0.33337194,0.48897249,0.37035027,0.49308795,0.33445922,0.71449053,0.40936643,0.67799187,0.46451977,0.5762078,0.4589371,0.6691561,0.4376608,0.816451,0.49908587,0.7769631,0.5475828,0.68446946,0.5560088,0.8168929,0.53378034,0.9166669,0.5931386,0.8786129,0.63512963,0.8143846,0.4891308,0.9166667,0.4211824,0.843632,0.41857135,0.64033175,0.45333534,0.414572,0.49028435,0.265625,0.48110965,0.5265192,0.5152269,0.26683515,0.5454539,0.15117247,0.58142865,0.083333336,0.49337012,0.48396602,0.49689034,0.23182678,0.5101321,0.14896815,0.53520894,0.11256097,0.50076854,0.45893624,0.4990389,0.2352815,0.50882095,0.17262526,0.5311705,0.14737698,0.50653124,0.44127876,0.51036716,0.25809515,0.5195344,0.19358218,0.53440756,0.16638765,0
0.49536148,0.8652153,0.5,1.2097838,0.5117364,0.7494414,0.47512448,0.7625818,0.52285737,0.7408087,0.4609663,0.764443,0.58243304,1.1730535,0.41756693,1.2465141,0.5941133,1.9251982,0.39524984,1.9498843,0.4607769,2.0254598,0.29879457,1.9066762,0.71164906,0.08333327,0.5299256,0.17879316,0.39498433,0.40860865,0.3717688,0.6249842,0.40802845,0.7917003,0.33812165,0.50012624,0.2828992,0.8316414,0.35755053,0.82550925,0.4052453,0.7151445,0.43137762,0.59354556,0.4507267,0.90368235,0.5161744,0.8471775,0.52138466,0.72545016,0.54309607,0.6648409,0.5719742,0.91666657,0.62217295,0.8521921,0.62021893,0.7437603,0.6577512,0.7088019,0.673035,0.8876214,0.7115533,0.80814236,0.717101,0.7075835,0.0,0.0,0.0,0.0,0.0,0.0,0.0,0.0,0.0,0.0,0.0,0.0,0.0,0.0,0.0,0.0,0.0,0.0,0.0,0.0,0.0,0.0,0.0,0.0,0.0,0.0,0.0,0.0,0.0,0.0,0.0,0.0,0.0,0.0,0.0,0.0,0.0,0.0,0.0,0.0,0.0,0.0,0
0.5008061,0.8640821,0.5,1.1875437,0.51690084,0.74616474,0.48111784,0.7542033,0.5275601,0.73275375,0.46706095,0.7504099,0.58217674,1.1453999,0.41782326,1.2296878,0.6335675,1.8561076,0.39923695,1.9624038,0.5329119,2.0519316,0.3797428,2.1843488,0.7733916,0.08333354,0.52761585,0.0930029,0.3423893,0.33678716,0.26231107,0.621893,0.24892133,0.8378774,0.35324803,0.45536536,0.22660846,0.8380168,0.27483034,0.7999543,0.33787552,0.67809683,0.46591496,0.54864776,0.37476888,0.9134954,0.40862548,0.8391793,0.4491005,0.6979575,0.5858408,0.6128823,0.5005474,0.91666687,0.5297879,0.8476,0.563866,0.72890663,0.6984242,0.6527418,0.6266856,0.87635016,0.6440241,0.8067586,0.6725392,0.7099282,0.0,0.0,0.0,0.0,0.0,0.0,0.0,0.0,0.0,0.0,0.0,0.0,0.0,0.0,0.0,0.0,0.0,0.0,0.0,0.0,0.0,0.0,0.0,0.0,0.0,0.0,0.0,0.0,0.0,0.0,0.0,0.0,0.0,0.0,0.0,0.0,0.0,0.0,0.0,0.0,0.0,0.0,0
0.50513417,0.8588122,0.5,1.1833812,0.5199479,0.7445596,0.4853512,0.7523871,0.530202,0.7321956,0.47023892,0.7488359,0.5820606,1.1389072,0.41793945,1.2278553,0.64458674,1.7909415,0.3969891,1.9843974,0.56621253,2.017698,0.45610654,2.0994425,0.7810744,0.20834364,0.54018635,0.083333336,0.32796937,0.16371465,0.2176299,0.3425964,0.20912586,0.5353256,0.45069396,0.2221249,0.32679474,0.4498499,0.31605738,0.47729996,0.33554262,0.46206158,0.5899406,0.39587197,0.45311192,0.7327335,0.40902558,0.7568305,0.4104372,0.7194425,0.7056698,0.5568621,0.5487522,0.8707188,0.5015533,0.8709678,0.50069034,0.8131543,0.7908741,0.6829878,0.65041333,0.9166667,0.60694784,0.9091106,0.6042577,0.86413383,0.10225786,0.58486176,0.2601168,0.19398688,0.4941394,0.083333336,0.6884051,0.16489634,0.80136037,0.23059489,0.6886395,0.39196235,0.8977427,0.27089074,0.7566848,0.15645623,0.6222174,0.19819543,0.64055645,0.6178933,0.79599106,0.42260325,0.69610023,0.30883825,0.5956529,0.36088312,0.5629992,0.7909065,0.68063396,0.54611844,0.59493464,0.43579885,0.5015354,0.47127497,0.48383424,0.9166667,0.58494633,0.69792193,0.5239936,0.5934538,0.45185167,0.6197851,0
0.50759304,0.8598382,0.5,1.18435,0.5209541,0.74583066,0.48772112,0.75421715,0.5308791,0.7343207,0.47068146,0.7512357,0.58185583,1.1367002,0.41814423,1.232,0.6472978,1.7377373,0.40036786,1.993409,0.5782403,2.0060894,0.48616064,1.985256,0.56519645,0.3187583,0.39325926,0.14383118,0.26145637,0.14486495,0.21454927,0.31941795,0.27126673,0.52764374,0.49564633,0.08333371,0.4573578,0.30464533,0.3912374,0.39856043,0.37239823,0.4396571,0.6506824,0.27079743,0.5853978,0.7545192,0.4794173,0.7679573,0.44889724,0.685545,0.7411954,0.45679808,0.6370092,0.89062953,0.52444816,0.85850644,0.48074043,0.75205475,0.7854514,0.5941582,0.7026422,0.916667,0.6205441,0.8741158,0.5814969,0.7805834,0.08333321,0.7248555,0.15707344,0.29418188,0.36354637,0.12068721,0.572199,0.14853843,0.71848845,0.17612116,0.5142014,0.42749345,0.8327686,0.43183872,0.89736545,0.43317074,0.91666657,0.47524625,0.5332568,0.65834653,0.7792542,0.4784356,0.7594487,0.37455544,0.7022344,0.3748387,0.52308095,0.79799986,0.6665216,0.5121766,0.6165506,0.40158764,0.5481523,0.4032873,0.51170915,0.8793132,0.6015652,0.61675566,0.56331635,0.5253459,0.50993186,0.5229781,0
0.50965744,0.8582825,0.5,1.1920747,0.52213365,0.7463538,0.490399,0.75701666,0.53189445,0.73746526,0.47117308,0.75480944,0.5816362,1.1411453,0.41836378,1.243004,0.64909685,1.7240188,0.40095383,2.0121238,0.5836105,1.9974055,0.48625743,1.9773679,0.6349392,0.08333288,0.3281462,0.10072173,0.19317895,0.3174868,0.21102217,0.59197116,0.33232868,0.74196494,0.3475353,0.1304227,0.44504482,0.40202436,0.46573097,0.62734264,0.49476397,0.7582505,0.5397042,0.20603867,0.53018427,0.7746066,0.4249769,0.9104156,0.3748414,0.87619454,0.6956852,0.31553358,0.61711407,0.8813627,0.5162484,0.9166662,0.4805258,0.80198145,0.80682194,0.40430883,0.7212761,0.8366469,0.6342531,0.8546042,0.59930617,0.76668423,0.09302394,0.73609763,0.21947446,0.25783736,0.45134777,0.0833334,0.6790587,0.10215714,0.8394076,0.109732166,0.6296477,0.42802653,0.9069762,0.32387918,0.8500571,0.18256538,0.75594723,0.16619392,0.6438999,0.6795582,0.8250054,0.44256318,0.75329024,0.30531824,0.6640795,0.30084133,0.6238717,0.83218557,0.7567255,0.5523345,0.6973818,0.44620106,0.61250675,0.44442502,0.6055276,0.91666675,0.7004076,0.67682153,0.65393466,0.5874223,0.59123075,0.5836486,0
0.5102744,0.86004645,0.5,1.208886,0.5225463,0.74358857,0.49134523,0.75896436,0.5322384,0.7402654,0.47133246,0.76107574,0.58158153,1.1565874,0.41841844,1.2611846,0.64767677,1.7494761,0.39916608,2.0415258,0.5851723,2.0080187,0.48547617,2.0007777,0.59904426,0.0833334,0.3719089,0.16704422,0.27544677,0.3753487,0.2802991,0.5985766,0.35960612,0.72148216,0.38835365,0.28519452,0.45714304,0.59833866,0.47755948,0.78243136,0.4912352,0.8781496,0.53036016,0.31343338,0.5325788,0.70044214,0.46727023,0.87533134,0.42439234,0.91666675,0.6461797,0.3511075,0.6139698,0.7299117,0.5490748,0.85451764,0.510704,0.8502964,0.7245534,0.3836948,0.68418336,0.67839503,0.63134027,0.7804479,0.5993376,0.79305154,0.08714558,0.7165886,0.21517576,0.24857669,0.44933292,0.08333313,0.68218946,0.10087366,0.84902024,0.11789516,0.6426182,0.4524947,0.9128547,0.3446283,0.84193146,0.19522421,0.7402837,0.18347178,0.6539956,0.7012277,0.82892233,0.4476048,0.7419389,0.30569398,0.6489815,0.31305355,0.63195455,0.84555954,0.76434535,0.55273896,0.69338787,0.4433662,0.6041741,0.4480518,0.61194026,0.91666645,0.71206313,0.66882545,0.6563438,0.5778208,0.58838737,0.5834786,0
0.51066226,0.86194193,0.5,1.228007,0.52291334,0.73996335,0.49207228,0.7571523,0.5324377,0.74394464,0.471517,0.76494175,0.58163536,1.1757805,0.41836473,1.2802333,0.6459303,1.7817982,0.39807972,2.068711,0.5875527,2.035184,0.48611277,2.0355663,0.5470467,0.08333316,0.3803629,0.19832273,0.29958394,0.42291215,0.3157478,0.6327745,0.38680398,0.7313534,0.4322051,0.40673718,0.49259883,0.6867868,0.4905633,0.839185,0.48168904,0.91666645,0.5506278,0.42425242,0.54743505,0.7424837,0.49322277,0.86547333,0.45069572,0.8769053,0.6402278,0.43689078,0.61264366,0.7477418,0.55500937,0.830913,0.5135478,0.8105237,0.7004157,0.4461691,0.6669664,0.6927805,0.61825085,0.7633876,0.5816135,0.7629613,0.08926651,0.71982986,0.21736948,0.24564855,0.4537152,0.0833334,0.68977815,0.11787685,0.8553579,0.16675767,0.633418,0.46808818,0.91073334,0.37620676,0.8412863,0.22939403,0.7391201,0.22047167,0.64155173,0.7138174,0.8232049,0.47059056,0.7391832,0.33145922,0.64604306,0.34120488,0.6210649,0.85161144,0.756695,0.5657176,0.6881621,0.45943028,0.60029465,0.4659032,0.60446995,0.91666675,0.70582646,0.66808593,0.6515442,0.5821661,0.58399737,0.59202087,0
0.5114161,0.86265576,0.5,1.2463695,0.52369094,0.7377437,0.49331996,0.75660515,0.53272223,0.7481659,0.47146735,0.7715494,0.58173525,1.1952552,0.41826478,1.2974837,0.64505076,1.8134545,0.3964843,2.0925226,0.5869068,2.0658596,0.48505154,2.0698245,0.6486232,0.08333327,0.41623238,0.1246521,0.29683128,0.37389332,0.29233631,0.63258415,0.36350188,0.7814893,0.40637326,0.36686218,0.43278706,0.6839865,0.44045526,0.8505347,0.45643327,0.91471994,0.53429955,0.43935722,0.5284301,0.8195899,0.4684576,0.91666657,0.44484738,0.8730803,0.63945454,0.5036048,0.5960001,0.8466704,0.5230351,0.9012974,0.4898261,0.84046084,0.7076642,0.54587835,0.6515258,0.8237783,0.58767486,0.8788373,0.55473906,0.84988284,0.09258436,0.6950441,0.22568826,0.23149192,0.45809674,0.0833332,0.68903714,0.13396142,0.85050744,0.18361539,0.6328706,0.47424626,0.9074154,0.39465445,0.85029274,0.2495279,0.7568009,0.22939444,0.63681597,0.7189297,0.8141497,0.48160827,0.73612255,0.33790487,0.64491206,0.33606908,0.61220306,0.85372716,0.74625975,0.57154727,0.6823844,0.4592646,0.59684294,0.4556071,0.59284925,0.91666657,0.6932254,0.6734331,0.6439505,0.5819817,0.5792941,0.58383965,0
0.51212096,0.8624399,0.49999997,1.2568746,0.5247438,0.7374247,0.49445164,0.75486183,0.5334859,0.74982274,0.47180066,0.7723349,0.58197135,1.2095968,0.4180286,1.3041524,0.644711,1.8295381,0.39569736,2.1021013,0.5857658,2.0871637,0.48291576,2.0865986,0.6151123,0.08333302,0.39261615,0.1672726,0.28270593,0.41504514,0.28485844,0.6475952,0.37790012,0.74700236,0.43472,0.3827887,0.48499405,0.7593158,0.4644675,0.8967246,0.45726347,0.9166663,0.5633452,0.41116813,0.5553486,0.80699,0.46880922,0.903393,0.4268609,0.85956526,0.65892076,0.44398636,0.6091046,0.81035316,0.5236552,0.88187104,0.4842046,0.8262487,0.7172947,0.47537872,0.6607,0.76854235,0.5893159,0.8357067,0.55378836,0.80726564,0.09915133,0.68679005,0.23045662,0.23262891,0.46027023,0.083333075,0.6883556,0.13744907,0.8470788,0.19457667,0.6294133,0.46706596,0.9008485,0.41335967,0.8715786,0.27643073,0.7965401,0.24076487,0.63673115,0.71209675,0.8181922,0.48935115,0.74661595,0.34038576,0.65618056,0.32736793,0.6172196,0.84949756,0.7535432,0.5793762,0.69023913,0.4624544,0.6047939,0.45258033,0.6011611,0.91666645,0.6983262,0.6803743,0.6514249,0.5818875,0.58843344,0.5748565,0
0.5133716,0.86283773,0.5,1.2629839,0.526422,0.7373389,0.49640238,0.75268275,0.53462315,0.75122875,0.47280094,0.7710284,0.58215797,1.219025,0.417842,1.3069428,0.6446606,1.8454052,0.39507058,2.1078312,0.58643377,2.0948806,0.4853873,2.0952017,0.60664386,0.08333352,0.39838207,0.1867032,0.2864569,0.42124927,0.2834644,0.64247245,0.37045315,0.7363995,0.444609,0.41775802,0.4924955,0.79542,0.45112085,0.91095555,0.42682782,0.91666687,0.568753,0.4437449,0.5474749,0.8387841,0.45868754,0.9103371,0.4149413,0.8536806,0.659094,0.4698727,0.60486394,0.829281,0.51999617,0.88416874,0.47900674,0.81961143,0.716536,0.4924095,0.6603165,0.7759711,0.58712953,0.8288078,0.5470828,0.7932498,0.1059739,0.6784213,0.23554723,0.23299596,0.46157005,0.083333075,0.68713963,0.1380502,0.84373426,0.19976883,0.6243503,0.45061848,0.8940259,0.4150603,0.8686605,0.27894035,0.79437387,0.23765408,0.6334417,0.6991026,0.8150108,0.49528235,0.7444002,0.3508139,0.6559196,0.33951402,0.61587346,0.8423172,0.7494506,0.588655,0.6874778,0.47675288,0.60442364,0.46829686,0.60006726,0.91666645,0.69453275,0.6962939,0.65010023,0.60122824,0.5907693,0.5926764,0
0.5142224,0.8638282,0.5,1.2684817,0.52748895,0.73720187,0.49748498,0.75190866,0.5354129,0.75252134,0.47358817,0.7710306,0.58228314,1.226893,0.41771677,1.3100705,0.6447502,1.8578134,0.39443377,2.1143336,0.585704,2.1021643,0.48819867,2.102249,0.68106675,0.13947053,0.43527898,0.083333336,0.29065785,0.2693002,0.2642162,0.53885853,0.36157274,0.706642,0.4131936,0.29653,0.4087309,0.5575275,0.37898627,0.6945698,0.37411296,0.7390837,0.5463423,0.4056623,0.53413916,0.75747615,0.4655345,0.85943025,0.449329,0.8298909,0.65810126,0.51111084,0.60969526,0.8484442,0.528218,0.91565245,0.500455,0.8641335,0.73578376,0.5914828,0.6659895,0.8603127,0.59629714,0.9166667,0.5688291,0.8820587,0.11135037,0.6663133,0.24404924,0.22717658,0.47370154,0.0833332,0.69685584,0.14632332,0.8504782,0.21003044,0.625984,0.45082337,0.8886494,0.42413247,0.88684165,0.302922,0.83316725,0.26147082,0.6341616,0.6992469,0.81231284,0.49693337,0.74931103,0.34776607,0.6650435,0.3276345,0.6167929,0.8423603,0.7475786,0.5878751,0.68960744,0.4713942,0.611251,0.45904312,0.60105085,0.91666657,0.6934649,0.69718933,0.6536891,0.59878504,0.5979662,0.58609074,0
0.51454514,0.8648728,0.5,1.2743455,0.52803427,0.73667675,0.49773526,0.75117433,0.53599423,0.75353026,0.47395384,0.77173,0.58240956,1.2352451,0.4175905,1.3134462,0.64485544,1.8672292,0.39399695,2.1231716,0.5847152,2.1104767,0.4877983,2.1132843,0.62239176,0.083333336,0.39778396,0.11902129,0.2670139,0.31262907,0.24403119,0.54136205,0.33146685,0.68691784,0.4184867,0.28475967,0.4451887,0.62070197,0.41746777,0.8015855,0.40466508,0.8841619,0.5613566,0.33570775,0.5500571,0.72803086,0.47236055,0.89251196,0.42997196,0.9166667,0.6767477,0.3894598,0.6327432,0.7589258,0.55331415,0.8787246,0.50758475,0.86664075,0.75596803,0.43407124,0.7101229,0.7199016,0.639478,0.82565033,0.59443706,0.8375133,0.115052,0.65099305,0.248048,0.21833722,0.47482836,0.08333321,0.69369876,0.15032223,0.84494185,0.21281461,0.6245239,0.45540696,0.8849478,0.42885575,0.8724632,0.30060986,0.8090231,0.25856742,0.63148385,0.70249856,0.80388373,0.49859455,0.7338623,0.35331303,0.6475896,0.3423428,0.6137241,0.84415555,0.74133176,0.5888948,0.67979676,0.47471878,0.5996542,0.4660305,0.5981521,0.91666657,0.6902537,0.6967978,0.64697,0.6020458,0.58979833,0.59445775,0
0.5146788,0.8653009,0.5,1.2800703,0.52825075,0.73581207,0.4978578,0.7493281,0.5363115,0.75413907,0.47416905,0.7719087,0.5825131,1.2430943,0.4174869,1.3170464,0.6447201,1.8790692,0.39357832,2.1328266,0.5843323,2.1187027,0.48687437,2.1234632,0.600655,0.08333304,0.38286325,0.14590298,0.26344478,0.36694035,0.24057336,0.5953419,0.32709706,0.7379585,0.43895534,0.38500348,0.4667813,0.78962386,0.41150802,0.9166664,0.39202103,0.9135641,0.5817515,0.41344187,0.5448495,0.85125697,0.45443285,0.91661,0.42521423,0.85639334,0.6891393,0.4434704,0.6242829,0.85810596,0.53659,0.8991437,0.50811744,0.8215023,0.7594261,0.46576202,0.6945682,0.78842646,0.614941,0.8374609,0.5830759,0.79301125,0.11408595,0.6492872,0.24723724,0.21944991,0.47366148,0.08333359,0.68876797,0.14741084,0.837032,0.21108633,0.6226462,0.45453843,0.8859139,0.43717226,0.88365895,0.3042311,0.8269014,0.2490174,0.63043714,0.70373183,0.80388254,0.5020549,0.73816377,0.3526079,0.6543398,0.33321062,0.61362576,0.8460856,0.7396184,0.58836854,0.68122894,0.47187844,0.6050224,0.4567717,0.5981606,0.91666687,0.6880065,0.69491035,0.64743847,0.5972838,0.5941105,0.5829824,0
0.51474357,0.86514765,0.5,1.2885077,0.52832335,0.7344167,0.49792272,0.7470815,0.53646797,0.75512576,0.4742569,0.7726221,0.58264047,1.2543309,0.4173596,1.3226845,0.64461815,1.8938575,0.39325935,2.1451206,0.58408916,2.1265678,0.48939943,2.1376495,0.6057364,0.08333302,0.35156646,0.116508454,0.23157777,0.29545113,0.22582754,0.5227281,0.32297853,0.6664939,0.41613284,0.21057521,0.4941592,0.58167815,0.47508922,0.7479197,0.4729119,0.7851321,0.57838327,0.23601715,0.5853239,0.69483864,0.48971742,0.88645875,0.44613457,0.9166664,0.6996471,0.2863878,0.6615959,0.7189341,0.56681865,0.87312233,0.51993775,0.8670466,0.7741718,0.32945266,0.7306547,0.6628782,0.6571953,0.7927183,0.6201563,0.8094898,0.10872077,0.6464531,0.24519561,0.21935514,0.4734251,0.083333336,0.6865424,0.14634523,0.83412105,0.20602062,0.6187354,0.4544178,0.8853936,0.44200402,0.8912792,0.3171179,0.8423471,0.26316732,0.6261141,0.7030721,0.805347,0.5076703,0.74365914,0.36096328,0.6614271,0.3375976,0.60902065,0.84613824,0.739116,0.5933811,0.68165475,0.47948906,0.6048604,0.46416822,0.59218377,0.9166667,0.68443996,0.6963659,0.644268,0.60234225,0.5892448,0.5901735,0
0.51472926,0.8649272,0.5,1.2932488,0.5282355,0.73373705,0.49784613,0.7464815,0.5364784,0.75496715,0.4742479,0.77259743,0.5827457,1.2616823,0.41725436,1.3248152,0.6445949,1.908948,0.39309698,2.1508121,0.5817627,2.1329315,0.49238756,2.1435153,0.5848739,0.083333455,0.4052131,0.19082175,0.30431423,0.40323892,0.28162876,0.6046611,0.3396319,0.72389305,0.4402407,0.4117208,0.48492187,0.76242626,0.44748437,0.8952214,0.41959527,0.9166668,0.56299406,0.42601052,0.54411316,0.8121559,0.4736653,0.91390663,0.43482807,0.88510615,0.6558779,0.4425727,0.6112613,0.809962,0.5390609,0.8841561,0.5019154,0.8338362,0.71837085,0.45758003,0.6716484,0.74708706,0.60839534,0.8103166,0.57184136,0.7824985,0.114308275,0.6310291,0.2528996,0.21003966,0.47429222,0.08333314,0.68648964,0.14784393,0.83583736,0.20200038,0.62202895,0.44674557,0.88569164,0.429115,0.8566342,0.29163873,0.7817799,0.24773003,0.6275883,0.6955672,0.81197584,0.5131985,0.7472995,0.36943665,0.66344815,0.3502959,0.6071752,0.84181213,0.7403175,0.6004717,0.6825312,0.48917264,0.6034882,0.47475776,0.5872441,0.91666645,0.6819033,0.709462,0.64049995,0.61886334,0.5844286,0.6064572,0
0.5146289,0.8648547,0.5,1.29651,0.52797925,0.7333212,0.49749118,0.7465489,0.5363879,0.75455457,0.47417352,0.7726272,0.58278567,1.2659849,0.41721442,1.3270348,0.6444292,1.9201107,0.39292902,2.1546688,0.57783973,2.1387641,0.49545503,2.1475658,0.603772,0.08333308,0.40246165,0.17233804,0.29232773,0.3797344,0.27429658,0.581071,0.33844066,0.6940188,0.42483887,0.35587558,0.48088259,0.727891,0.44957346,0.85994256,0.43034536,0.8734122,0.5547183,0.3778412,0.5436342,0.7903157,0.46645638,0.91666645,0.4296382,0.8906106,0.6556126,0.40807584,0.6106716,0.79223067,0.5379847,0.87662476,0.50642496,0.8199797,0.72570294,0.4362275,0.6780526,0.7303247,0.61787313,0.7968563,0.5878616,0.76538557,0.12019251,0.6084861,0.26256323,0.20765504,0.47953597,0.083333395,0.6877935,0.1448089,0.8338599,0.20196432,0.61610657,0.43159163,0.87980765,0.4285966,0.86931247,0.30360743,0.80491567,0.2521565,0.62030977,0.6829456,0.80757135,0.5139319,0.75294036,0.37179306,0.674067,0.34136063,0.59933126,0.83531654,0.73401874,0.60504043,0.6835653,0.49524155,0.6085764,0.47290677,0.57941717,0.91666675,0.674072,0.7191844,0.6375532,0.6259221,0.5855198,0.6051792,0
0.514595,0.8646525,0.5,1.2967427,0.52789867,0.7333775,0.49735162,0.7465912,0.536345,0.7542889,0.4741504,0.7721541,0.58279353,1.2664444,0.41720647,1.3270409,0.64432883,1.9220175,0.39136595,2.154436,0.57737875,2.1391447,0.4952104,2.1468496,0.6410802,0.08333302,0.4305978,0.1484906,0.30323583,0.35069388,0.27617216,0.5651607,0.3387237,0.68942446,0.44275126,0.3650081,0.4405705,0.7696961,0.38619298,0.870815,0.36269975,0.8515769,0.56664854,0.41257936,0.5108038,0.82909685,0.42834574,0.9166663,0.40121204,0.86193675,0.6605196,0.4566721,0.57994395,0.8457213,0.5007605,0.8986779,0.47483006,0.82349515,0.72382784,0.49178284,0.64967823,0.7819459,0.58296716,0.8047443,0.55580467,0.7390439,0.12941195,0.5952482,0.27286083,0.20502108,0.48057857,0.08333327,0.6834548,0.13503161,0.8225699,0.19419593,0.6071617,0.42160633,0.8705879,0.41916233,0.8462635,0.28577638,0.77082324,0.22616854,0.6066301,0.67631185,0.80087495,0.5234112,0.7521877,0.38142997,0.676247,0.34260252,0.580074,0.8331669,0.7189873,0.61529756,0.6754266,0.5073243,0.6018669,0.4779914,0.5563871,0.91666657,0.654147,0.72671264,0.62128305,0.63113797,0.5713735,0.6027778,0
0.5145937,0.86446255,0.5,1.2970862,0.52791774,0.73335487,0.4973169,0.74644125,0.5363497,0.75432163,0.4741446,0.7715974,0.58280915,1.2672255,0.41719088,1.3269471,0.64397734,1.9309129,0.38755414,2.153662,0.5774717,2.1403017,0.48914912,2.1475205,0.5989282,0.083333336,0.42396808,0.1513982,0.30922076,0.36776564,0.27032965,0.5882859,0.2871025,0.7596324,0.4530997,0.35226145,0.4344635,0.78993297,0.363823,0.8859445,0.3266362,0.84452564,0.576297,0.41515145,0.4871187,0.89510286,0.40500993,0.9166667,0.39182138,0.80563647,0.6661422,0.4734159,0.56327707,0.90238386,0.48957488,0.86696845,0.48587817,0.7386978,0.7296697,0.5183232,0.64345735,0.83745545,0.58143675,0.8158042,0.5722688,0.72332203,0.1505568,0.545471,0.29967737,0.19459552,0.49390417,0.08333316,0.67643213,0.13278878,0.81034887,0.17309175,0.5937115,0.39972615,0.84944314,0.4317133,0.8436023,0.31130704,0.7768363,0.2452372,0.5834611,0.65136087,0.79999155,0.55807257,0.7728585,0.42530298,0.7038325,0.37972865,0.55319,0.81687486,0.73117596,0.66392064,0.7050244,0.5474759,0.6403597,0.5042144,0.5244362,0.9166665,0.65539503,0.76739657,0.63879246,0.6658482,0.59278053,0.6268283,0
0.514363,0.8637378,0.5,1.2972875,0.5277754,0.73296905,0.49697873,0.74611896,0.5362787,0.7541808,0.4740143,0.7707575,0.58283734,1.2681973,0.41716263,1.3263776,0.6439457,1.9390676,0.3811909,2.15196,0.5786724,2.145911,0.47570503,2.157999,0.6558281,0.08333346,0.49597567,0.101364724,0.36843193,0.2696085,0.2915531,0.4557485,0.25994462,0.60401595,0.47147748,0.30747265,0.40355003,0.727751,0.3410953,0.8400509,0.30943513,0.8017978,0.58459973,0.4035455,0.4656559,0.8590272,0.39797327,0.86721176,0.3931,0.7626662,0.6752463,0.49332199,0.5470831,0.9166668,0.4963077,0.85881984,0.50953674,0.72925097,0.7400556,0.5617081,0.63828975,0.8817987,0.59844434,0.84048754,0.60934013,0.7348923,0.14371878,0.506941,0.2974487,0.19392738,0.48746425,0.083333336,0.6619886,0.11519264,0.7972296,0.13318178,0.5712692,0.38530684,0.82596034,0.4624336,0.8562815,0.39057633,0.82047236,0.33411604,0.54773647,0.6292007,0.7900156,0.63488513,0.8000823,0.53205967,0.7562741,0.47322288,0.5071806,0.8012419,0.7218743,0.76319754,0.72756207,0.65883505,0.686698,0.59717,0.4651336,0.9166667,0.6272323,0.85495675,0.64385587,0.7581341,0.6196698,0.70320743,0
0.5141871,0.8614496,0.5,1.3036273,0.5277133,0.7313902,0.4968078,0.74346447,0.53630906,0.75514185,0.4739413,0.7675748,0.58284914,1.2747141,0.41715083,1.3325404,0.64424384,1.9505005,0.37494338,2.1600893,0.57950205,2.1651356,0.4656457,2.1823688,0.7166814,0.12647733,0.5767672,0.08333321,0.43892074,0.1559466,0.3297879,0.22003838,0.25577602,0.27011624,0.50431377,0.31083888,0.40026644,0.64321077,0.34228307,0.7486464,0.31844178,0.760029,0.5945289,0.4265273,0.4559972,0.8061231,0.39591542,0.84806764,0.3920244,0.7945409,0.67626524,0.53382206,0.5297174,0.8960004,0.47890443,0.88958997,0.4901783,0.805427,0.74422437,0.62159395,0.63276416,0.915506,0.57951945,0.91666657,0.57608587,0.8481195,0.11266974,0.48209456,0.26357245,0.20339897,0.44430605,0.0833335,0.606466,0.09179343,0.7392603,0.09284256,0.52259254,0.36023483,0.7489296,0.4504359,0.84375244,0.45850077,0.88733006,0.44057238,0.49543166,0.5859244,0.74081093,0.66056967,0.82591677,0.6381644,0.8631338,0.610671,0.45066115,0.76243734,0.67388046,0.82554615,0.758972,0.80796725,0.80280805,0.79356265,0.39828175,0.8878066,0.5811164,0.91666687,0.66112196,0.8889589,0.7050332,0.8628844,0
0.51411057,0.8597091,0.5,1.3086138,0.52777416,0.73035336,0.49670422,0.74109846,0.5363916,0.75587744,0.4738889,0.7660058,0.5828791,1.2804991,0.41712087,1.3367283,0.6448682,1.9642221,0.36806804,2.1610332,0.57920825,2.212222,0.45858008,2.1966705,0.7333673,0.19831355,0.6073353,0.097463846,0.46727687,0.083333336,0.36274087,0.09415269,0.29508352,0.121390596,0.5051626,0.25318998,0.39503846,0.3846828,0.32286978,0.4653496,0.2666327,0.52259654,0.56589997,0.40079647,0.44267395,0.5738907,0.36672544,0.65429574,0.30604342,0.7051212,0.6252949,0.53052306,0.50999266,0.7186143,0.43395174,0.7975619,0.3758477,0.8384876,0.67849916,0.64422894,0.585348,0.80856663,0.51646006,0.88220775,0.4579947,0.9166667,0.12861404,0.462321,0.26432395,0.22384122,0.42279583,0.10198655,0.5690054,0.098036185,0.6857058,0.08333328,0.49080023,0.34598193,0.68056184,0.4126646,0.7791676,0.43783846,0.8483502,0.44742116,0.47806236,0.54330677,0.6852233,0.609595,0.79635954,0.6243207,0.8713858,0.621843,0.44827405,0.71015143,0.6390877,0.77159816,0.74323076,0.7921838,0.81702936,0.7998831,0.40937656,0.84181255,0.56448,0.8879338,0.65835655,0.90490305,0.7342532,0.91666657,0
0.5133208,0.858507,0.5,1.3132558,0.5274235,0.7287299,0.4954786,0.7383908,0.5362728,0.7566812,0.47356376,0.76504284,0.5829525,1.2873509,0.4170475,1.3391607,0.6458844,1.9825916,0.3608323,2.1602178,0.57815105,2.2534804,0.45580503,2.226203,0.7719528,0.30691984,0.6506333,0.15900844,0.5210626,0.09296676,0.4200844,0.08333319,0.34228083,0.1048455,0.51849025,0.28027672,0.3940171,0.3572737,0.3029146,0.41700256,0.2318132,0.46167812,0.55396986,0.44307733,0.41874823,0.5205149,0.31769687,0.5831001,0.2280474,0.6314007,0.5925613,0.5879907,0.4680842,0.6867611,0.37337402,0.751756,0.29118803,0.7947433,0.630122,0.7206081,0.52938986,0.81727403,0.44982252,0.87792283,0.37665397,0.9166665,0.14851613,0.45487246,0.26501945,0.23556504,0.40266287,0.1219923,0.53593546,0.10903385,0.6412533,0.083333336,0.47391617,0.34702665,0.65319246,0.3933889,0.7501039,0.41814864,0.8226793,0.440687,0.46408314,0.5274909,0.65769005,0.56982964,0.77001715,0.5837983,0.8514839,0.59099764,0.4382225,0.6834341,0.62012523,0.7464822,0.72361636,0.77165425,0.7999218,0.7857613,0.4015558,0.80957156,0.54103637,0.8653196,0.6259329,0.89396864,0.6956187,0.9166667,0
0.513226,0.85328853,0.5,1.3385948,0.527457,0.7236985,0.49537444,0.7317095,0.5363815,0.76053786,0.47362977,0.7660827,0.5831273,1.3191805,0.41687262,1.3580092,0.64682025,2.033238,0.35447517,2.1841342,0.5778819,2.317108,0.45468372,2.2962892,0.78568196,0.39306965,0.66715115,0.21063045,0.5357942,0.12789948,0.43682435,0.09574337,0.3592871,0.08333343,0.4939557,0.31207392,0.36541292,0.3757513,0.27850497,0.41353828,0.21431823,0.43909806,0.5170309,0.48253086,0.38793543,0.53323567,0.2962142,0.57668394,0.21769357,0.60752505,0.54524606,0.63885266,0.42313626,0.70372003,0.3392427,0.74722004,0.26957345,0.7803341,0.57411146,0.77792275,0.46979904,0.8408433,0.39739925,0.88077134,0.33333197,0.91666675,0.14896217,0.46605894,0.2537822,0.24597965,0.382597,0.13040213,0.5106688,0.112736925,0.6148914,0.08333311,0.47013703,0.3615269,0.64562136,0.3755938,0.74137306,0.38608223,0.81523836,0.39844728,0.46364722,0.5324591,0.65331393,0.5526686,0.7664995,0.5544846,0.85103804,0.55269533,0.4368867,0.68206763,0.61283743,0.738748,0.71699065,0.76336086,0.7955464,0.7786731,0.3967368,0.8059918,0.5303814,0.8610098,0.61245686,0.8913131,0.6807775,0.91666645,0
0.51296145,0.8513813,0.5,1.3605118,0.5274019,0.71916276,0.49508575,0.7288272,0.5364457,0.7624565,0.47362897,0.76798135,0.58321565,1.3455939,0.41678432,1.3754295,0.64742833,2.0744398,0.3500559,2.2048097,0.57649124,2.3766797,0.45109764,2.36281,0.79293877,0.48807803,0.6967563,0.29782644,0.56615007,0.19403559,0.46815878,0.1402574,0.39079556,0.08333353,0.50612086,0.37936527,0.37846962,0.42743388,0.2861091,0.4487635,0.21880378,0.45385763,0.5199613,0.54841954,0.39024583,0.5858499,0.29145133,0.6102503,0.20706113,0.6173697,0.54125535,0.69733083,0.41828474,0.7399565,0.33119497,0.7659638,0.25887677,0.77874607,0.5668195,0.82463324,0.4615083,0.86479527,0.38510597,0.8923842,0.3162711,0.91666687,0.1466293,0.47761834,0.2469766,0.25317898,0.37623516,0.13315706,0.5005258,0.10936966,0.6009861,0.08333324,0.46568522,0.3715956,0.64491916,0.35789865,0.7428765,0.34536234,0.8169455,0.34012264,0.4601324,0.5453536,0.65432847,0.55097175,0.7685641,0.544402,0.8533707,0.5397045,0.43359187,0.6939745,0.6116057,0.7398408,0.71843153,0.76209736,0.8010775,0.7785529,0.39289013,0.8119874,0.5267865,0.8623843,0.60733414,0.8906933,0.67416966,0.91666657,0
0.511799,0.84609115,0.5,1.3831905,0.5267621,0.7141259,0.49421832,0.7258445,0.5360777,0.76326644,0.47332284,0.77170414,0.5832668,1.3717678,0.4167332,1.3946131,0.64710045,2.1183407,0.34609985,2.2147148,0.5728141,2.4214745,0.4434302,2.4268532,0.7790786,0.5392207,0.69869834,0.34801346,0.5807353,0.23050651,0.48253277,0.15676583,0.40730098,0.08333346,0.51863307,0.42049238,0.38781753,0.471761,0.29386482,0.49842626,0.22287928,0.5124879,0.5274529,0.584401,0.40204418,0.62578803,0.305136,0.6540528,0.22092119,0.6676896,0.5414769,0.7256554,0.42421657,0.76111275,0.3381307,0.78664327,0.26549718,0.80245036,0.55745035,0.84026617,0.4566201,0.8683151,0.3861591,0.8929724,0.3223073,0.91666675,0.14577127,0.48185033,0.24512023,0.26096013,0.372746,0.13902308,0.49311176,0.109924965,0.5894235,0.08333351,0.47013286,0.3829879,0.6479407,0.35198417,0.74572146,0.3277973,0.8204829,0.31380415,0.46372685,0.55768824,0.65414304,0.5538238,0.7681204,0.54904294,0.85422885,0.55109906,0.43617016,0.70494837,0.61028713,0.74753284,0.7151142,0.7702171,0.7963759,0.7859872,0.39448225,0.82006985,0.52845144,0.8690067,0.6075986,0.894468,0.6728176,0.9166668,0
0.5107214,0.8415267,0.5,1.3993921,0.5258107,0.71112555,0.4933079,0.72285277,0.53584194,0.7631162,0.47305465,0.77205783,0.5833004,1.3912808,0.4166995,1.4075034,0.64755994,2.1527922,0.3427267,2.21889,0.5692908,2.451276,0.43892825,2.4855304,0.77638245,0.5738305,0.6995662,0.38678452,0.5794076,0.25932956,0.48244625,0.17415763,0.41458094,0.083333425,0.51347005,0.44520968,0.387246,0.49285337,0.2961649,0.521509,0.22743621,0.540124,0.5210092,0.6014826,0.39883214,0.6359687,0.30487692,0.65979475,0.22361779,0.6724275,0.53367496,0.7389875,0.4183468,0.77251935,0.3335506,0.79475677,0.26098523,0.80900145,0.54930806,0.85622185,0.44705126,0.8818789,0.3764377,0.8998665,0.31243986,0.9166668,0.14216791,0.49957567,0.2406007,0.27165273,0.368768,0.14184658,0.4909308,0.11010556,0.586806,0.08333316,0.4580245,0.3941973,0.6375211,0.34863046,0.739507,0.31583586,0.81998664,0.29479435,0.45550796,0.57137907,0.6470426,0.56474555,0.76530486,0.556211,0.85783195,0.55416167,0.43280357,0.7189473,0.60801345,0.75452256,0.7164912,0.7760403,0.8018852,0.79185855,0.3967465,0.83218485,0.5337412,0.8765304,0.6156251,0.8977635,0.6844037,0.9166665,0
0.5099136,0.8416451,0.5,1.4063421,0.5249152,0.7098511,0.49239793,0.7226023,0.53546554,0.76138514,0.47275522,0.77082825,0.5833111,1.3996387,0.41668892,1.4130456,0.64797425,2.1660666,0.3414082,2.2231438,0.5666508,2.4643738,0.4357815,2.5283127,0.7803471,0.5795106,0.71104556,0.39431512,0.5999803,0.2683665,0.5081629,0.17998828,0.44484735,0.08333329,0.52264994,0.45855182,0.39464238,0.5016835,0.30342653,0.52856976,0.23308556,0.5470271,0.5286198,0.6152269,0.40155122,0.647783,0.30286252,0.6696078,0.2196528,0.6820211,0.5408279,0.74864143,0.41964906,0.7851627,0.3290485,0.8077772,0.25391337,0.82280093,0.5574387,0.8594324,0.44897747,0.88606054,0.37342668,0.90300876,0.30704713,0.9166666,0.13765311,0.5161294,0.23473361,0.27856973,0.36304086,0.14161791,0.487314,0.10889206,0.5870268,0.08333346,0.45084804,0.40510067,0.62987,0.35616454,0.73297673,0.31825945,0.81734234,0.29072812,0.44917026,0.5871145,0.6427346,0.5820915,0.7647404,0.571786,0.8623469,0.56755495,0.42751205,0.7353201,0.60530764,0.7692559,0.715328,0.787865,0.8022028,0.8013595,0.39351878,0.8474828,0.5335785,0.888167,0.6167154,0.9040087,0.6865247,0.91666675,0
0.5094718,0.8404334,0.5,1.4132804,0.5243417,0.7083474,0.49177027,0.72166955,0.5351836,0.75946504,0.47258487,0.77054006,0.58331144,1.4065992,0.41668853,1.4199617,0.6483725,2.1777632,0.34102616,2.2348578,0.5650476,2.4827306,0.4358772,2.557507,0.7731511,0.58216006,0.7020939,0.39127982,0.5913041,0.2636922,0.49974507,0.17510873,0.44021475,0.08333342,0.5144466,0.46479964,0.3849571,0.5073054,0.29851314,0.5344156,0.23271038,0.55438143,0.5194938,0.6229957,0.39463282,0.6505962,0.30323806,0.67211187,0.22684887,0.6845427,0.5309909,0.7562428,0.41274413,0.7882963,0.32941785,0.8101208,0.2586825,0.8250905,0.5458597,0.8625583,0.43963975,0.8886526,0.37015164,0.9042728,0.3077266,0.9166668,0.13985278,0.5281021,0.23454298,0.28585282,0.36194935,0.14982325,0.48707107,0.11893635,0.58564866,0.08333324,0.44783553,0.41564277,0.6254588,0.36479104,0.7292537,0.32559466,0.8142851,0.29731318,0.44839928,0.5994966,0.6390727,0.5997178,0.76174283,0.591216,0.86014724,0.5896583,0.42847452,0.7457226,0.60448897,0.7815248,0.7139068,0.79806805,0.80057615,0.81097704,0.39599574,0.85483146,0.5318938,0.8959526,0.61464256,0.9082355,0.6844051,0.9166665,0
0.50976515,0.83762366,0.49999997,1.4219377,0.5244745,0.7060745,0.491973,0.7194491,0.5353157,0.75948375,0.4726843,0.7722551,0.58331364,1.4155489,0.4166864,1.4283265,0.6488678,2.1947846,0.3413386,2.248425,0.5649623,2.4983366,0.43475056,2.5847886,0.7782081,0.5872987,0.7039186,0.387728,0.59410834,0.25738552,0.49896702,0.17063688,0.43468204,0.08333321,0.5202948,0.45358026,0.38417828,0.49066192,0.29598305,0.51176655,0.22796601,0.52498853,0.52346843,0.6168767,0.39241752,0.6393149,0.29893675,0.6529027,0.2217919,0.6576186,0.53448266,0.7544806,0.4109018,0.78657013,0.32657927,0.8031026,0.25752515,0.8118297,0.5484504,0.8636164,0.43900225,0.8936713,0.36839378,0.9070917,0.30671895,0.91666657,0.13221474,0.53150886,0.2268419,0.28239882,0.35612825,0.14328527,0.48416114,0.113522984,0.5846562,0.0833332,0.44283095,0.4231426,0.6241643,0.36857328,0.7294619,0.32580933,0.8154348,0.2954323,0.44319135,0.60891837,0.63995326,0.6070244,0.7667329,0.595913,0.8677855,0.593865,0.4236024,0.7539667,0.6071472,0.7855515,0.72055125,0.795485,0.8096684,0.803839,0.39190182,0.86058366,0.529907,0.9002993,0.61599565,0.90969,0.68847436,0.91666657,0
0.51006997,0.8324116,0.5,1.4302912,0.52465385,0.703443,0.49213472,0.71519595,0.5356083,0.75913477,0.47290462,0.77196807,0.58331674,1.4243715,0.41668326,1.436211,0.6490883,2.2121196,0.34295297,2.2615876,0.5632464,2.5153253,0.43478447,2.6124322,0.77761424,0.57591033,0.69872886,0.3779412,0.5907423,0.24723156,0.49133453,0.16564701,0.42064872,0.08333321,0.52161187,0.44045928,0.38529077,0.46791947,0.29809755,0.48259622,0.22896302,0.48879227,0.52488273,0.6061545,0.39204946,0.6257931,0.29912513,0.6338489,0.22238597,0.6337167,0.5374888,0.74666256,0.41150898,0.781541,0.3272162,0.7969039,0.25968653,0.8032786,0.5536012,0.85815895,0.44386253,0.893612,0.37252024,0.9071523,0.31097138,0.91666657,0.125173,0.5291768,0.2198282,0.2777528,0.3514347,0.1408608,0.48144636,0.11490081,0.58339643,0.08333328,0.4416198,0.4270803,0.6289847,0.37058413,0.7353174,0.325844,0.82171834,0.2945976,0.44160047,0.6159729,0.6445416,0.6103762,0.7728193,0.59695363,0.87482715,0.5936941,0.4219387,0.7613901,0.61190695,0.7886455,0.72763634,0.7974381,0.81843895,0.8054045,0.39024666,0.8674634,0.53427434,0.903162,0.62359834,0.91082513,0.6982569,0.9166666,0
0.51013404,0.82827884,0.5,1.434723,0.52463126,0.70126396,0.49188188,0.7125397,0.53590196,0.7579089,0.47304937,0.77092,0.5833204,1.4294528,0.41667962,1.4399933,0.64903796,2.2214203,0.3445939,2.2679653,0.56129885,2.5299828,0.43502635,2.6309924,0.78070545,0.5637213,0.69609797,0.3621721,0.5866363,0.23966016,0.481013,0.16498144,0.40272063,0.08333351,0.51870877,0.43683523,0.38088495,0.45996425,0.29357758,0.47211614,0.22449334,0.4765797,0.52239186,0.60467124,0.3875171,0.62377316,0.29407394,0.62853533,0.21929444,0.6252363,0.53591156,0.7483445,0.40740046,0.7837086,0.3237479,0.79564244,0.2584996,0.798165,0.5519103,0.86199206,0.43973026,0.8986715,0.3678943,0.9092419,0.30673376,0.9166668,0.118481636,0.5338371,0.21334082,0.2797738,0.34499577,0.14402083,0.4777552,0.11772916,0.5810316,0.08333348,0.43530875,0.44276485,0.6314773,0.37657428,0.73821634,0.32452393,0.8243265,0.28618827,0.43816084,0.6332962,0.650514,0.6191728,0.7799855,0.5991101,0.8815182,0.59015024,0.42042664,0.77429646,0.6170335,0.7964641,0.734699,0.8045397,0.8258348,0.812876,0.39021912,0.8723345,0.53761417,0.90607285,0.6291001,0.91216546,0.7053998,0.9166668,0
0.51061684,0.827583,0.5,1.4330094,0.5250142,0.7006875,0.49231577,0.71147037,0.53628814,0.756654,0.47342682,0.76837796,0.5833246,1.428679,0.41667536,1.4373398,0.64910126,2.2229152,0.34582394,2.2658765,0.5609793,2.543036,0.43554062,2.6342452,0.78470534,0.56086975,0.69780475,0.3511087,0.5836581,0.22965418,0.47347263,0.1626932,0.3879557,0.08333338,0.5201419,0.4220156,0.3806515,0.43732262,0.29160216,0.44982454,0.22016163,0.4569773,0.52090406,0.5928515,0.38556623,0.60628176,0.29061133,0.6105254,0.21529454,0.6070084,0.53241146,0.74279195,0.40309587,0.7769119,0.32035112,0.7870387,0.25516406,0.7879941,0.54745245,0.86263204,0.43428698,0.89873695,0.36258066,0.90865475,0.30176204,0.91666675,0.101031244,0.5396319,0.2015995,0.26735628,0.33914825,0.12740667,0.47882548,0.10888207,0.5877969,0.08333318,0.4302843,0.4444778,0.63807625,0.36984167,0.7500317,0.31103292,0.8404972,0.26762086,0.43683523,0.6464226,0.6603246,0.62781626,0.7946101,0.60476714,0.8989687,0.5936218,0.42216134,0.791282,0.62736917,0.8071195,0.7499878,0.8141246,0.84366,0.8219153,0.39435726,0.88756305,0.5493365,0.91640246,0.6464724,0.9166665,0.7263479,0.9137466,0
0.51109666,0.8279534,0.5,1.431537,0.5254322,0.7008953,0.49272168,0.7116818,0.53663385,0.7565566,0.4736365,0.7679287,0.58332974,1.4287418,0.41667032,1.4343323,0.6494098,2.2250955,0.34632918,2.2647257,0.56129795,2.5494144,0.43607217,2.6384897,0.7934272,0.5533175,0.70406497,0.33556446,0.5852458,0.21537142,0.47159252,0.15733427,0.37943426,0.08333347,0.5194621,0.41008386,0.37824893,0.4257963,0.28726748,0.43703663,0.21358223,0.44282562,0.5213636,0.5854158,0.3829333,0.60263175,0.28497323,0.60772216,0.20657252,0.6047797,0.53381014,0.7408186,0.39988023,0.77723324,0.313189,0.78789324,0.24443343,0.78914464,0.55136853,0.86695933,0.43552503,0.9017218,0.36159238,0.91026133,0.29845294,0.91666675,0.0896791,0.5406429,0.19275978,0.25738472,0.3338267,0.115068406,0.4790339,0.10171902,0.5933464,0.083333276,0.4281227,0.44978276,0.64227295,0.3706334,0.7556991,0.30955186,0.8479796,0.2662229,0.4357498,0.65733844,0.6668351,0.63339067,0.80293167,0.6069722,0.91032076,0.59500355,0.42125827,0.8024433,0.63191414,0.81813234,0.7578696,0.8240441,0.8551996,0.83026755,0.39412415,0.89389545,0.55556273,0.91666657,0.6559418,0.91224414,0.73909706,0.9047366,0
0.5103574,0.82758445,0.5,1.4300547,0.52471596,0.7008668,0.49191374,0.7116711,0.536337,0.7561985,0.47334915,0.7675593,0.5833316,1.4281559,0.41666833,1.4319534,0.64943016,2.224627,0.3470411,2.2597406,0.56166065,2.5541484,0.43614987,2.6380424,0.80112606,0.5331789,0.70776266,0.3095916,0.5832295,0.1920183,0.46177426,0.15012643,0.36399534,0.083333485,0.5210478,0.3816073,0.37372318,0.39860746,0.2792164,0.41619244,0.20111209,0.42769378,0.5232188,0.5621505,0.38134852,0.58527684,0.28209645,0.59963197,0.19887403,0.6049077,0.53558844,0.7242913,0.39847586,0.7635065,0.31061327,0.7789907,0.23845236,0.7858061,0.55283004,0.8570361,0.43399957,0.894107,0.35896358,0.90598285,0.29311734,0.9166668,0.083333254,0.5361086,0.18634282,0.24100414,0.33102313,0.10116889,0.47859985,0.09658583,0.59575015,0.090005696,0.4293584,0.46190345,0.64573187,0.37538227,0.75950885,0.30626982,0.85155576,0.25653124,0.4387509,0.67538106,0.67137307,0.6448663,0.8070641,0.61270297,0.9166666,0.5956129,0.42478997,0.81687343,0.6322013,0.83936685,0.76348966,0.8397967,0.8668897,0.8380348,0.3997281,0.89441466,0.56463826,0.9099939,0.6614739,0.9009709,0.73839855,0.88783616,0
0.50889564,0.8270717,0.5,1.4288148,0.52359796,0.70073813,0.49052438,0.71159637,0.5357231,0.7554996,0.4728203,0.7669579,0.5833324,1.4274294,0.41666755,1.4302001,0.64947027,2.2234714,0.34776118,2.2551296,0.5619703,2.56157,0.43556553,2.6351984,0.8110894,0.50562745,0.7155902,0.27138394,0.58353275,0.15094809,0.45028657,0.13343471,0.34385914,0.083333336,0.5259317,0.35231382,0.3696774,0.37122265,0.27011132,0.39045033,0.18891063,0.40149754,0.53063065,0.5390443,0.3822275,0.5625975,0.2778213,0.57938224,0.19145119,0.5865205,0.5454144,0.7045809,0.4045055,0.7464722,0.31408304,0.76294845,0.2408629,0.7716909,0.5667932,0.84172416,0.44443008,0.8842651,0.3664601,0.9008681,0.29892612,0.9166667,0.08333336,0.5409306,0.1871144,0.24422342,0.3327093,0.09807911,0.4796498,0.097713724,0.596492,0.099201836,0.42762235,0.46694317,0.64734006,0.3774284,0.7600907,0.3021443,0.8513574,0.24658908,0.43908048,0.6845572,0.675503,0.64748687,0.8094531,0.60637665,0.9166667,0.58252275,0.42619458,0.8239593,0.6389278,0.8514728,0.7743139,0.8440344,0.878329,0.8331464,0.40241274,0.89452374,0.56777275,0.9022866,0.663563,0.8801314,0.7371495,0.85254025,0
0.5081337,0.82664657,0.5,1.4271349,0.5230315,0.7004221,0.48980403,0.71132624,0.5352735,0.7546796,0.47254834,0.7661451,0.5833329,1.4262118,0.41666704,1.428058,0.6494477,2.2214093,0.34838212,2.249923,0.5622199,2.5630476,0.4345107,2.6340635,0.82120097,0.48314372,0.7236683,0.24155495,0.58621347,0.11721885,0.44769284,0.11498032,0.33695197,0.08333317,0.53565234,0.32255614,0.3694773,0.34345952,0.2643282,0.36295286,0.17879921,0.37386364,0.5421612,0.517648,0.384231,0.5372433,0.27363217,0.555259,0.18269959,0.56416965,0.5585462,0.6870758,0.411676,0.73193187,0.3159388,0.7532798,0.23911504,0.76577353,0.58206177,0.82666606,0.45802584,0.8745618,0.37855065,0.8966421,0.3101771,0.9166665,0.08333336,0.5442168,0.18963182,0.24992889,0.33539766,0.10287666,0.48169178,0.1026916,0.59690845,0.108641334,0.43071076,0.47203386,0.65056807,0.38227102,0.7638482,0.30704176,0.8559811,0.25322002,0.44201824,0.691901,0.6778677,0.6494054,0.8103501,0.6045952,0.9166667,0.5789547,0.4281503,0.8297966,0.6427117,0.86102206,0.78021854,0.8476016,0.8851202,0.8297731,0.4026319,0.8973082,0.56178576,0.89109874,0.6464183,0.85006976,0.7075956,0.8061283,0
0.507917,0.82627714,0.5,1.4258469,0.5228032,0.70011204,0.4895881,0.7110349,0.53495896,0.75384784,0.4725026,0.7656294,0.5833332,1.4253092,0.4166668,1.4263846,0.6494322,2.2183962,0.34899467,2.2464836,0.5624927,2.561583,0.43412662,2.6326268,0.8308495,0.47346225,0.7287349,0.22218092,0.5847358,0.09314794,0.44363338,0.10062045,0.32866773,0.083333336,0.5328044,0.30246368,0.36598998,0.33029,0.25811318,0.35028037,0.170234,0.35915092,0.5406376,0.50020003,0.38027987,0.5231249,0.26557735,0.54023975,0.16915046,0.54583186,0.55792195,0.6737258,0.4087324,0.7228099,0.3090913,0.74648654,0.22791171,0.7586988,0.5835084,0.82124996,0.45852447,0.8728285,0.37691814,0.8962134,0.30584127,0.9166667,0.08333339,0.54723245,0.18851352,0.2552778,0.3369867,0.10628097,0.48437557,0.10536515,0.5964584,0.11602376,0.42922267,0.47904572,0.6489546,0.383713,0.7627905,0.30471164,0.85505575,0.24834105,0.442773,0.6984257,0.68105024,0.651537,0.8121381,0.6009488,0.91666675,0.5692009,0.43134397,0.83238775,0.6487107,0.8579102,0.78522587,0.83781606,0.88828605,0.8129069,0.40739405,0.8946344,0.5627931,0.8725548,0.6383423,0.81700253,0.6895162,0.76005054,0
0.50800765,0.8263815,0.5,1.4254346,0.52283007,0.70025736,0.48965508,0.71122366,0.53484654,0.75365174,0.47251466,0.7656296,0.58333325,1.424933,0.4166668,1.4259361,0.6497141,2.216423,0.3492625,2.2459004,0.5628377,2.5613728,0.43442634,2.6327038,0.83893305,0.4675125,0.7314164,0.20856404,0.58457375,0.083333336,0.44109967,0.098538786,0.32272807,0.091581464,0.5329795,0.30006623,0.36071113,0.32977173,0.2502828,0.35178956,0.16106695,0.36227906,0.5407674,0.50275034,0.37685552,0.52831054,0.25977218,0.54349273,0.16335899,0.5457211,0.55796224,0.67840225,0.40457103,0.7290352,0.30210915,0.750826,0.21953644,0.76049346,0.5830882,0.824553,0.45291337,0.87624633,0.36732253,0.89860505,0.29349473,0.9166667,0.08333323,0.55000937,0.18578704,0.26202264,0.33557588,0.11155217,0.48387513,0.112580866,0.591676,0.12969065,0.4277234,0.48460072,0.64862424,0.38745558,0.76190716,0.30837476,0.85311997,0.25170076,0.44096488,0.7012613,0.6816859,0.65166056,0.8118398,0.60017926,0.91666657,0.5672944,0.4296418,0.83048445,0.64675003,0.85483587,0.78149945,0.83253604,0.88377535,0.8049026,0.4051075,0.88844764,0.5567388,0.8515777,0.6220667,0.779171,0.662631,0.7078274,0
0.5081599,0.8266777,0.5,1.4260098,0.52297366,0.7006827,0.48980716,0.7116182,0.53491807,0.75384414,0.47261676,0.7656663,0.5833332,1.4255018,0.41666678,1.4265176,0.6502129,2.2160165,0.34930402,2.2470865,0.563287,2.5625029,0.4348771,2.6342223,0.83370525,0.45685402,0.72323114,0.2054497,0.5800678,0.083333164,0.44106364,0.09878242,0.32554343,0.09917614,0.5322112,0.28603247,0.36195728,0.314038,0.25438932,0.33641413,0.16629471,0.3481539,0.5396498,0.4841918,0.37862346,0.5103261,0.26400003,0.5263033,0.17014849,0.5298925,0.5573617,0.6602418,0.40782186,0.7133425,0.30917728,0.73612744,0.23010533,0.74763846,0.58279246,0.8093052,0.4570755,0.866664,0.3752333,0.89377975,0.304356,0.9166665,0.083333254,0.5518856,0.18596931,0.26349592,0.33646864,0.11347805,0.48512286,0.11994619,0.58993345,0.14024967,0.42865756,0.48462582,0.64912415,0.3883914,0.7630615,0.31111687,0.85497695,0.25510928,0.44121638,0.7008133,0.68138885,0.6510168,0.81219864,0.5990135,0.9166666,0.5653361,0.42894372,0.8298609,0.644603,0.8561996,0.7794863,0.83425325,0.8811214,0.807196,0.40346473,0.8865216,0.5551857,0.85564005,0.6234649,0.78904384,0.6665874,0.72373056,0
0.50841254,0.8262591,0.5,1.4280058,0.52321845,0.70093536,0.4900365,0.7116765,0.53511906,0.7543577,0.47277156,0.76606786,0.58333325,1.4275459,0.41666678,1.4284656,0.65076154,2.218289,0.3493647,2.2505493,0.5637937,2.5661595,0.43533096,2.6381004,0.8391645,0.4529498,0.7283824,0.20079197,0.57806194,0.08333305,0.4364927,0.096751235,0.31933954,0.097074814,0.5294267,0.28432187,0.35901767,0.31554857,0.2494527,0.3390502,0.1608358,0.3510338,0.5374029,0.48453403,0.3750038,0.5145422,0.25930223,0.53216577,0.16448253,0.5372796,0.556194,0.66326237,0.40441182,0.7151554,0.30312404,0.7376575,0.22184104,0.7505648,0.5830134,0.8153042,0.45452863,0.8688129,0.36930448,0.89365125,0.29483467,0.9166664,0.083333254,0.54729545,0.18808827,0.263267,0.33806297,0.11449225,0.48687544,0.11944865,0.5904189,0.14772454,0.43308866,0.48257068,0.6546618,0.38870013,0.767188,0.31149977,0.85685873,0.254822,0.4442581,0.69690585,0.68622065,0.6524996,0.8157598,0.6007366,0.9166666,0.567818,0.42957526,0.8264065,0.6455988,0.8614708,0.78022987,0.8377649,0.87952447,0.80955964,0.40086576,0.88550735,0.54641974,0.85287136,0.6082777,0.7772194,0.64503527,0.705461,0
0.5088128,0.8262226,0.5,1.4298676,0.52357477,0.70119923,0.4903719,0.71209806,0.53532106,0.7547571,0.47299132,0.7668881,0.5833332,1.429305,0.41666678,1.4304303,0.65130526,2.2190073,0.34949625,2.2543197,0.56453097,2.568855,0.435942,2.641688,0.84134156,0.4494098,0.7288331,0.20285352,0.57782626,0.08333356,0.43565488,0.095222116,0.3177692,0.098187044,0.52832425,0.28624701,0.3560382,0.31792948,0.24670132,0.3412961,0.15865858,0.3523083,0.5377703,0.48718837,0.37357226,0.51906025,0.25860682,0.53719187,0.1648669,0.5417789,0.5578616,0.6658961,0.40513203,0.718332,0.30436593,0.7406617,0.224267,0.7528691,0.5857305,0.8164744,0.45673054,0.87001556,0.3727462,0.8943004,0.2996353,0.91666687,0.08333339,0.54147947,0.19094917,0.26237577,0.3404283,0.11749564,0.48678967,0.121705756,0.58933973,0.15430263,0.43583828,0.47927222,0.6556782,0.38641787,0.7666258,0.31266534,0.8546272,0.25753325,0.44727284,0.6931306,0.6892179,0.64914733,0.81738573,0.5977946,0.91666675,0.563823,0.43140858,0.82271534,0.6453868,0.8550611,0.7773339,0.828967,0.8742504,0.7997639,0.40097198,0.88250446,0.53984874,0.8398616,0.59309274,0.75184405,0.6209562,0.6716409,0
0.5091948,0.8265433,0.5,1.4306036,0.5239069,0.70155483,0.49065384,0.7125242,0.53554064,0.7550915,0.47319648,0.76731426,0.58333313,1.429869,0.41666695,1.4313382,0.6518208,2.2163107,0.3497074,2.255905,0.56533384,2.5683181,0.43644586,2.643123,0.842432,0.44918036,0.726964,0.20578912,0.5760107,0.08333311,0.43325517,0.099770315,0.31442526,0.10198373,0.528733,0.28408742,0.35452446,0.32210502,0.24490045,0.34855652,0.15756813,0.36144358,0.5399768,0.48593858,0.37146464,0.52347976,0.25631416,0.5459097,0.16388322,0.55352825,0.5603074,0.6656821,0.40415558,0.7211056,0.3018738,0.74348134,0.2213745,0.75467205,0.58781785,0.8199563,0.4562965,0.87492764,0.370807,0.89694387,0.29685676,0.91666645,0.08333341,0.5389629,0.19097857,0.265808,0.34021324,0.119229354,0.48610675,0.12121453,0.5853397,0.15951437,0.43591654,0.48439315,0.6555134,0.38564354,0.76510394,0.31240904,0.85210794,0.25798932,0.44672072,0.69620293,0.6918467,0.6514003,0.81901574,0.6017516,0.91666675,0.56889474,0.42941427,0.8234144,0.6437699,0.85178673,0.7751219,0.8266937,0.8710479,0.7995213,0.3977874,0.8807705,0.53723115,0.8357517,0.58852905,0.7474804,0.613417,0.6697687,0
0.50955415,0.8268085,0.5,1.4309926,0.5242337,0.70179135,0.49097058,0.71279186,0.53577375,0.7552784,0.47342855,0.76757383,0.5833329,1.4300026,0.41666713,1.4319828,0.6521659,2.2129812,0.34994933,2.2575321,0.5660424,2.563275,0.43688315,2.6440275,0.84440535,0.45472267,0.727332,0.20658493,0.5759702,0.08333356,0.43338823,0.09904629,0.31366348,0.10047754,0.52820104,0.2881597,0.35298246,0.326917,0.24284388,0.3507495,0.15559453,0.36025098,0.5394371,0.4907334,0.36910662,0.5283454,0.25249648,0.548555,0.160186,0.55266076,0.5594706,0.67132354,0.40112078,0.7276807,0.29606473,0.7481661,0.21477759,0.7560275,0.58633107,0.82674104,0.45193082,0.8818324,0.36372215,0.90114266,0.2885365,0.91666687,0.083333336,0.5376585,0.1916482,0.26788685,0.34028956,0.12244079,0.4840938,0.12087806,0.58187026,0.1574064,0.437166,0.4879857,0.6541209,0.38732496,0.76368695,0.31356552,0.85137427,0.25972798,0.44818962,0.6970422,0.69174093,0.6496842,0.8184353,0.602075,0.9166667,0.57282704,0.43138337,0.8227641,0.642662,0.8475479,0.77435637,0.8247979,0.8718331,0.8009039,0.4003043,0.87912196,0.54110557,0.8380827,0.5952698,0.75758886,0.62305367,0.68724513,0
0.5097894,0.8269974,0.5,1.4312826,0.5244491,0.7019504,0.49117762,0.7129681,0.5359233,0.7554011,0.47355783,0.7677413,0.58333224,1.4297336,0.41666782,1.4328316,0.652202,2.210289,0.35013995,2.260977,0.56658024,2.5589287,0.43735954,2.645124,0.83869225,0.44587594,0.722381,0.20381568,0.57484764,0.08333339,0.43187192,0.10181343,0.3125519,0.10661781,0.52767724,0.28752285,0.3550452,0.32200748,0.24801297,0.34772444,0.16130759,0.3611472,0.53712726,0.48950422,0.3697447,0.5230213,0.2562155,0.54366094,0.1666626,0.55016595,0.5560206,0.6689877,0.3998427,0.7225768,0.29767138,0.7447288,0.21899866,0.7554065,0.58137274,0.8221972,0.4491783,0.8764815,0.36344466,0.89831764,0.29070097,0.91666675,0.08333341,0.5386812,0.19319417,0.27008215,0.34026673,0.12481864,0.48397812,0.120102964,0.5839406,0.15504138,0.43783575,0.48863837,0.6551535,0.39008552,0.7644462,0.3165962,0.8515764,0.2635605,0.44998685,0.6977386,0.6924569,0.6503385,0.8182946,0.6039214,0.91666675,0.57662433,0.43433696,0.82351774,0.64534736,0.8474303,0.7757308,0.82453674,0.87269735,0.800753,0.4047377,0.8798974,0.54618084,0.84010726,0.6015474,0.7627945,0.6310705,0.6947231,0
