NOSE_X,NOSE_Y,NECK_X,NECK_Y,LEFTEYE_X,LEFTEYE_Y,RIGHTEYE_X,RIGHTEYE_Y,LEFTEAR_X,LEFTEAR_Y,RIGHTEAR_X,RIGHTEAR_Y,LEFTSHOULDER_X,LEFTSHOULDER_Y,RIGHTSHOULDER_X,RIGHTSHOULDER_Y,LEFTELBOW_X,LEFTELBOW_Y,RIGHTELBOW_X,RIGHTELBOW_Y,LEFTWRIST_X,LEFTWRIST_Y,RIGHTWRIST_X,RIGHTWRIST_Y,WRIST_0_X,WRIST_0_Y,THUMBCMC_0_X,THUMBCMC_0_Y,THUMBMP_0_X,THUMBMP_0_Y,THUMBIP_0_X,THUMBIP_0_Y,THUMBTIP_0_X,THUMBTIP_0_Y,INDEXMCP_0_X,INDEXMCP_0_Y,INDEXPIP_0_X,INDEXPIP_0_Y,INDEXDIP_0_X,INDEXDIP_0_Y,INDEXTIP_0_X,INDEXTIP_0_Y,MIDDLEMCP_0_X,MIDDLEMCP_0_Y,MIDDLEPIP_0_X,MIDDLEPIP_0_Y,MIDDLEDIP_0_X,MIDDLEDIP_0_Y,MIDDLETIP_0_X,MIDDLETIP_0_Y,RINGMCP_0_X,RINGMCP_0_Y,RINGPIP_0_X,RINGPIP_0_Y,RINGDIP_0_X,RINGDIP_0_Y,RINGTIP_0_X,RINGTIP_0_Y,LITTLEMCP_0_X,LITTLEMCP_0_Y,LITTLEPIP_0_X,LITTLEPIP_0_Y,LITTLEDIP_0_X,LITTLEDIP_0_Y,LITTLETIP_0_X,LITTLETIP_0_Y,WRIST_1_X,WRIST_1_Y,THUMBCMC_1_X,THUMBCMC_1_Y,THUMBMP_1_X,THUMBMP_1_Y,THUMBIP_1_X,THUMBIP_1_Y,THUMBTIP_1_X,THUMBTIP_1_Y,INDEXMCP_1_X,INDEXMCP_1_Y,INDEXPIP_1_X,INDEXPIP_1_Y,INDEXDIP_1_X,INDEXDIP_1_Y,INDEXTIP_1_X,INDEXTIP_1_Y,MIDDLEMCP_1_X,MIDDLEMCP_1_Y,MIDDLEPIP_1_X,MIDDLEPIP_1_Y,MIDDLEDIP_1_X,MIDDLEDIP_1_Y,MIDDLETIP_1_X,MIDDLETIP_1_Y,RINGMCP_1_X,RINGMCP_1_Y,RINGPIP_1_X,RINGPIP_1_Y,RINGDIP_1_X,RINGDIP_1_Y,RINGTIP_1_X,RINGTIP_1_Y,LITTLEMCP_1_X,LITTLEMCP_1_Y,LITTLEPIP_1_X,LITTLEPIP_1_Y,LITTLEDIP_1_X,LITTLEDIP_1_Y,LITTLETIP_1_X,LITTLETIP_1_Y
0.51632816,0.25386155,0.5081054,0.42509958,0.5332429,0.216296,0.49424008,0.2175933,0.54653007,0.23073344,0.47618288,0.23210125,0.603619,0.42444196,0.41259187,0.4257572,0.65753096,0.68281925,0.34060702,0.6813263,0.5651578,0.7881962,0.43854463,0.79375607,0.55797416,0.7952101,0.5467573,0.7622703,0.52776086,0.74628276,0.5099201,0.74592674,0.49491584,0.7486356,0.51361006,0.7834206,0.49386072,0.7888328,0.4818596,0.7907903,0.4737222,0.79144114,0.5157059,0.8066006,0.49729568,0.8099158,0.4854035,0.80997765,0.47633263,0.8085003,0.5186473,0.8241402,0.501535,0.8266916,0.4909094,0.826011,0.48231554,0.8251565,0.5219368,0.83686996,0.50612277,0.84010243,0.49663413,0.8399301,0.4888148,0.8393346,0.43337512,0.8111045,0.4457215,0.7759245,0.4631361,0.7627102,0.4812037,0.7641771,0.4957075,0.7631194,0.47776195,0.8096735,0.50465375,0.8106781,0.5194992,0.8080963,0.5312804,0.8061187,0.4777757,0.8315033,0.5062583,0.829292,0.5230867,0.8250394,0.5358008,0.8231096,0.4760306,0.84501255,0.5022224,0.84768426,0.51795983,0.8461751,0.5298953,0.84560555,0.47400507,0.8524427,0.4950534,0.85695267,0.50818324,0.857259,0.51893806,0.85718673
0.51605666,0.25598356,0.50854135,0.4250798,0.53298485,0.2177513,0.49411514,0.22017635,0.5464791,0.23077206,0.47611868,0.23315261,0.6045069,0.4244544,0.41257584,0.4257052,0.65819275,0.6825809,0.34032354,0.68141973,0.5677173,0.78914225,0.43858844,0.7938409,0.558277,0.7955022,0.5467616,0.76304615,0.5278494,0.7470627,0.51022387,0.7462589,0.49528235,0.74880165,0.5134835,0.7837712,0.49371606,0.7890013,0.48181462,0.7909203,0.47358614,0.79155064,0.5156014,0.8070785,0.49717048,0.810208,0.4851427,0.8102766,0.4758689,0.80885184,0.51865965,0.8249109,0.5015614,0.8273915,0.4908886,0.82685614,0.48213157,0.8261399,0.5220662,0.8380184,0.50620705,0.84124714,0.4966701,0.84109116,0.48866215,0.8405742,0.43309763,0.81086916,0.44583198,0.77597994,0.46341795,0.76274794,0.48156723,0.76436114,0.49612942,0.7634343,0.47774145,0.80970854,0.5046671,0.8108792,0.5196008,0.80828846,0.53143203,0.80635226,0.47772533,0.8314605,0.50620174,0.82971007,0.52306813,0.8256033,0.53582853,0.82380843,0.47593394,0.84497017,0.5021333,0.8480813,0.51791537,0.8467838,0.5298542,0.84623903,0.47372034,0.85253805,0.4946341,0.8573467,0.5075318,0.8578301,0.5180587,0.8578247
0.5159235,0.25619495,0.508746,0.4250999,0.5328431,0.21791485,0.49402028,0.22038253,0.54643553,0.23075695,0.47606614,0.23328017,0.6049289,0.42449737,0.4125632,0.42570245,0.65891165,0.6827145,0.34015253,0.6814793,0.5690781,0.78950226,0.43761155,0.79396313,0.558537,0.7954778,0.5468729,0.76321566,0.5284277,0.7471412,0.51072955,0.746319,0.49579528,0.7488833,0.5138783,0.7841692,0.49380627,0.78913367,0.4817702,0.79060477,0.47336847,0.7908138,0.5159233,0.8071233,0.497249,0.8099304,0.48518714,0.80960935,0.475863,0.8077982,0.51886916,0.8245123,0.50166,0.82665473,0.4909009,0.82568693,0.48209184,0.8245939,0.5221615,0.83696985,0.50633323,0.8398782,0.49684128,0.8395054,0.48893836,0.8388645,0.43316215,0.8107422,0.44594592,0.7763339,0.4635998,0.7634548,0.48175663,0.7648785,0.49625283,0.7633779,0.47822452,0.8103121,0.5048194,0.8110522,0.51965654,0.80830705,0.53144276,0.8062877,0.47818884,0.83178884,0.5064345,0.829676,0.523251,0.82543784,0.53597033,0.82353896,0.47622538,0.8451773,0.5022854,0.84859264,0.5180614,0.84740216,0.5299394,0.84686315,0.47375986,0.85272986,0.49438703,0.8580691,0.50707114,0.8589149,0.51737994,0.85925597
0.51636285,0.25613928,0.5090039,0.4253081,0.53313035,0.21784279,0.4948047,0.22036679,0.54668605,0.23063849,0.47618407,0.23329967,0.605199,0.42476884,0.41280875,0.4258474,0.6594388,0.68279624,0.34020698,0.68131876,0.57030815,0.7900492,0.4362481,0.79386705,0.5590486,0.7956094,0.5473119,0.76344866,0.5285251,0.74740815,0.5108184,0.7465723,0.49594405,0.74946564,0.5144366,0.78437996,0.49439612,0.7900533,0.4824059,0.7918181,0.47412363,0.7922121,0.51654804,0.8073956,0.49785805,0.8106688,0.48574296,0.8105464,0.4763808,0.80883324,0.51948595,0.82495826,0.50225747,0.8274582,0.49150175,0.8267692,0.48274222,0.8257798,0.5227236,0.8378716,0.5068127,0.8410642,0.497208,0.84081113,0.48920575,0.8400748,0.43335295,0.81101745,0.44611543,0.7761265,0.46369594,0.76323694,0.4819974,0.764873,0.4966257,0.76349074,0.47829905,0.81012017,0.5051731,0.8113302,0.5200538,0.80871725,0.5318702,0.8068155,0.47838897,0.8319037,0.50690717,0.8298422,0.5236693,0.8255941,0.5363265,0.8237761,0.47658738,0.84540725,0.50288135,0.84837735,0.5185703,0.8469962,0.53040755,0.84644306,0.47429952,0.8528836,0.49533954,0.8574667,0.5081988,0.8578167,0.51864713,0.85769814
0.51729417,0.25596595,0.50926495,0.42532998,0.53383625,0.21769372,0.49644247,0.22030693,0.5471718,0.23051092,0.47652403,0.23328282,0.60560143,0.42481092,0.41292852,0.42584902,0.6598963,0.68280303,0.3403553,0.6812352,0.57137316,0.7912937,0.43619463,0.7936727,0.55951464,0.79582494,0.54760945,0.763659,0.5287053,0.7473986,0.5110263,0.74656826,0.49608263,0.7496772,0.5145833,0.7844124,0.49443844,0.789977,0.4824475,0.7918599,0.4741555,0.79238284,0.516869,0.8075863,0.49809852,0.81078774,0.48593488,0.8108921,0.47657037,0.8094719,0.520029,0.8252878,0.50274485,0.8278911,0.49193007,0.8275317,0.48315248,0.8269031,0.5234798,0.8383708,0.5075524,0.8416685,0.4979439,0.84170204,0.48994604,0.8412927,0.4335768,0.8111194,0.44635865,0.77601796,0.46398473,0.76323193,0.48233598,0.7654152,0.4969762,0.76432323,0.47837526,0.8102161,0.50514585,0.811609,0.5201229,0.8090397,0.531976,0.807201,0.47849682,0.8318682,0.50697917,0.8301829,0.5238627,0.826046,0.5365783,0.8242352,0.47682434,0.8453062,0.50294155,0.8483971,0.5186738,0.8471537,0.5305082,0.84669584,0.4746379,0.8527105,0.49552935,0.85741585,0.5084051,0.8577906,0.5188091,0.85764676
0.5179281,0.25587082,0.5097192,0.42534617,0.534353,0.21765661,0.49749655,0.22030723,0.54758686,0.23049249,0.47686538,0.2333431,0.606108,0.4248655,0.4133304,0.42582682,0.6602718,0.6829253,0.34074512,0.68117535,0.571785,0.7920131,0.4369831,0.79351914,0.56011176,0.79611504,0.5482244,0.7640694,0.5291251,0.74798024,0.51130694,0.7468988,0.49632683,0.7494914,0.5147004,0.7851101,0.4946712,0.79063946,0.48256376,0.7928035,0.47411278,0.7937302,0.51707846,0.8081899,0.4983832,0.81153375,0.48617175,0.81219095,0.47675607,0.8114003,0.5203465,0.8257963,0.5030204,0.82860327,0.4920232,0.82879084,0.4830642,0.8287928,0.52389467,0.83882123,0.50789225,0.84236157,0.49813527,0.84279615,0.4899567,0.8428812,0.43413717,0.81083906,0.44690165,0.77612865,0.464474,0.76341486,0.48272252,0.7654885,0.4972873,0.7642495,0.47856188,0.81023794,0.5052534,0.8115144,0.5202012,0.8089992,0.53203166,0.8072576,0.47866648,0.83190525,0.50713336,0.83016276,0.5240495,0.82620364,0.5368432,0.82459253,0.47703138,0.8455024,0.50331104,0.8485972,0.51909614,0.8474502,0.5310389,0.8471163,0.4749337,0.8531733,0.4960303,0.85785514,0.50894266,0.85833305,0.51946026,0.8583841
0.5182976,0.2558328,0.51030624,0.42541575,0.5347529,0.21775396,0.49806932,0.22047488,0.5480197,0.23059934,0.47720867,0.23359944,0.6065518,0.4250097,0.41406065,0.4258218,0.66033983,0.6833122,0.34147933,0.6810908,0.5715826,0.79240465,0.4382198,0.7932992,0.561099,0.79631984,0.5488961,0.76417255,0.5297113,0.7479599,0.5117436,0.7467614,0.4966569,0.74948364,0.5156504,0.7848284,0.49527836,0.79026866,0.4830853,0.79260194,0.4746077,0.79382133,0.517939,0.8077901,0.49895066,0.81103927,0.4865853,0.811741,0.47707084,0.81112516,0.521102,0.8253295,0.5036104,0.8279688,0.49255976,0.8280914,0.48361138,0.8281343,0.5245068,0.83823735,0.5083508,0.8414529,0.49852705,0.84178305,0.4903827,0.8419103,0.4345301,0.81084317,0.44735727,0.77607346,0.46471635,0.7634385,0.4829956,0.7653411,0.49778533,0.7638358,0.479081,0.8100992,0.50576556,0.8116804,0.52078456,0.8091958,0.5328538,0.8075826,0.47901636,0.8320382,0.50723517,0.83032084,0.52427536,0.8268311,0.53745025,0.825766,0.47699326,0.8456166,0.5029924,0.8493222,0.51888597,0.84881073,0.53112996,0.84881216,0.47455534,0.8532389,0.49503756,0.85898775,0.50761855,0.86034685,0.51800776,0.86111116
0.5184528,0.2558837,0.5106583,0.42545044,0.53497267,0.21799603,0.4983554,0.22075829,0.548331,0.23077792,0.47745156,0.23385261,0.6068029,0.42513606,0.4145138,0.4257648,0.6603785,0.68426806,0.34253398,0.68105507,0.571378,0.792243,0.43888855,0.7929938,0.5611895,0.79718393,0.549162,0.7642209,0.5300002,0.7471856,0.5120466,0.7464102,0.49696752,0.7491232,0.51617825,0.78359437,0.49535865,0.78927064,0.48305452,0.79157335,0.474619,0.7926076,0.5182942,0.80709255,0.4987608,0.8101862,0.48626778,0.81044275,0.4767696,0.80925673,0.5212062,0.82513404,0.50329286,0.8275436,0.49215144,0.8272286,0.48319092,0.8267007,0.5243091,0.838619,0.5078074,0.8418002,0.4979234,0.8417787,0.48979107,0.8414617,0.43484578,0.8116298,0.44749758,0.7765465,0.4648946,0.7633499,0.4831495,0.7650154,0.49784392,0.7636112,0.47919822,0.80992925,0.50601137,0.8111789,0.52100176,0.80864596,0.5329627,0.80699086,0.4791771,0.8318065,0.5075549,0.82992256,0.52453417,0.82626814,0.53753537,0.824994,0.47726452,0.84553224,0.50340486,0.8489651,0.5192372,0.8481027,0.5313973,0.8478684,0.47491744,0.8533677,0.4955471,0.85874546,0.50818324,0.85984075,0.51859033,0.8604664
0.5184538,0.25608203,0.51085514,0.42521554,0.53503686,0.21837366,0.4983674,0.22113892,0.5485655,0.23107608,0.47755182,0.23417988,0.6069143,0.42516312,0.41479596,0.42526793,0.6598469,0.6853749,0.34484047,0.68118274,0.568362,0.7878639,0.43901572,0.79240805,0.5625292,0.7881594,0.5516749,0.75279707,0.5320182,0.73615444,0.5143242,0.73780805,0.4994807,0.7408344,0.515864,0.7752124,0.4949304,0.7832901,0.4820049,0.7867916,0.47373137,0.788263,0.51814324,0.79984313,0.49839175,0.80572087,0.48523825,0.80759525,0.47546652,0.8078907,0.52155536,0.81825536,0.50313467,0.82305384,0.49177307,0.82459784,0.48303047,0.8257064,0.5255759,0.8315347,0.5090081,0.8363377,0.49908403,0.8379502,0.4910934,0.83905077,0.434885,0.8103539,0.44677505,0.77518356,0.46463308,0.7603451,0.48333898,0.76044744,0.49774548,0.7565535,0.4780621,0.8062692,0.5050869,0.8071365,0.5203794,0.8042128,0.53241515,0.802226,0.47864023,0.82835287,0.5074684,0.82641417,0.52469593,0.82210875,0.5376806,0.8195636,0.47725865,0.8420546,0.503783,0.84514344,0.519823,0.8435548,0.5319993,0.84190184,0.47525096,0.84941643,0.4959652,0.85438013,0.50882876,0.8547882,0.5195499,0.85408413
0.51845884,0.25666016,0.5110132,0.4248527,0.53516364,0.2190621,0.49841726,0.22165798,0.5488386,0.23165546,0.47762495,0.23452199,0.6067546,0.42519453,0.4152718,0.42451087,0.6578806,0.68539613,0.34647998,0.68128407,0.5659931,0.77410865,0.43890384,0.78987503,0.56517977,0.78145546,0.55397296,0.7448265,0.5346184,0.7276741,0.51618433,0.72996163,0.5008858,0.73335433,0.5189123,0.76574916,0.49793297,0.7753457,0.48476607,0.7810731,0.47543618,0.78524095,0.5208724,0.79066825,0.5010137,0.7964621,0.48786595,0.79971,0.477051,0.8019567,0.5240057,0.8096817,0.50571203,0.8136321,0.49374685,0.81566733,0.4835836,0.81752974,0.52759063,0.824286,0.51076186,0.82686466,0.5004009,0.82755405,0.49165115,0.8281117,0.4344208,0.8065061,0.4461145,0.7717166,0.46361327,0.7573256,0.48168123,0.75617474,0.49557695,0.75085646,0.4771333,0.8026158,0.5034688,0.80352795,0.51874846,0.8014396,0.5305564,0.8002762,0.47784713,0.82479084,0.5060768,0.8232912,0.5233208,0.8201073,0.53643984,0.8184456,0.4768111,0.8387488,0.5028036,0.84094065,0.5187933,0.8394123,0.5311083,0.8378902,0.47502562,0.8462623,0.49558452,0.84980655,0.5083953,0.8495464,0.5189422,0.8482851
0.5186128,0.25680625,0.51134187,0.42378002,0.5354347,0.21923195,0.49883512,0.22160412,0.54908556,0.23193432,0.47786936,0.23459384,0.60612565,0.42397538,0.4165581,0.42358467,0.6563168,0.685438,0.34737584,0.6812689,0.5654912,0.7251363,0.43887043,0.7788849,0.58557624,0.71020967,0.5692493,0.6775891,0.5458613,0.6652739,0.5263255,0.67044055,0.51257885,0.6706838,0.5343273,0.69079006,0.5084426,0.7096408,0.49607164,0.72041476,0.4872149,0.7282939,0.537258,0.71477735,0.51026016,0.7331755,0.49619576,0.74349874,0.48594844,0.7509997,0.5417178,0.73667115,0.5166341,0.7541617,0.5038641,0.7620537,0.49478593,0.7671604,0.54720044,0.75718105,0.5267246,0.7701685,0.5164906,0.77455956,0.50915223,0.7766822,0.42795748,0.7814427,0.4347582,0.7478194,0.44831246,0.72906435,0.46324912,0.7239455,0.4751664,0.71879464,0.46303502,0.76773834,0.4873961,0.77156967,0.50186306,0.7725397,0.51324457,0.7745444,0.46496713,0.79086566,0.49063316,0.7906903,0.50649947,0.790994,0.51882285,0.79344016,0.46497473,0.8074138,0.48937085,0.80882984,0.50383407,0.8124496,0.51518184,0.8166945,0.4638279,0.81843305,0.48332962,0.82266176,0.49478567,0.82501566,0.5043085,0.8273065
0.5190405,0.25589958,0.5114367,0.4231009,0.5359809,0.21876806,0.49958053,0.22057416,0.5494553,0.23195946,0.4782154,0.23426913,0.6042836,0.42364618,0.41858977,0.4225556,0.65391606,0.68728,0.3487142,0.68119127,0.5762219,0.65851545,0.43209118,0.7370163,0.6026169,0.64965504,0.5866612,0.61852795,0.5656572,0.60037667,0.54897505,0.5943124,0.53771156,0.5874823,0.55969083,0.6164801,0.5415416,0.62105256,0.5337712,0.6241827,0.52846676,0.62682563,0.56379205,0.6359064,0.5465255,0.6435807,0.53797346,0.6484208,0.5312505,0.65285903,0.56969136,0.6553537,0.55390406,0.66331446,0.54577965,0.6672117,0.53923786,0.6707116,0.57657343,0.6742401,0.5629616,0.6807551,0.5561006,0.6827433,0.5505222,0.6848315,0.4233895,0.7412114,0.4260767,0.70756036,0.4357384,0.6795835,0.44526267,0.6634211,0.45028988,0.6507444,0.45805386,0.6945424,0.47576776,0.6913642,0.4820913,0.6967233,0.48578832,0.70281,0.4624726,0.71588355,0.48000973,0.7124274,0.48684743,0.7165218,0.49098492,0.7217595,0.46398103,0.73660755,0.4797284,0.7376689,0.4857549,0.7417445,0.48908105,0.74570984,0.4632744,0.7560934,0.4765891,0.7597005,0.48100135,0.761931,0.4837467,0.7641063
0.51872236,0.2559636,0.5103071,0.42277503,0.5357923,0.21883127,0.4994107,0.22036047,0.54934126,0.23197599,0.47822157,0.23406352,0.60081846,0.4236448,0.4197957,0.42190525,0.65384465,0.6881855,0.34938854,0.68128973,0.59552884,0.6014549,0.42397082,0.68245107,0.61170185,0.60784936,0.5972348,0.57677305,0.58024985,0.5511734,0.56723166,0.5333077,0.56028134,0.5135476,0.5816369,0.5596631,0.573917,0.5477636,0.5714925,0.5377629,0.56973994,0.52863383,0.58707535,0.57429916,0.58148223,0.5679578,0.58000547,0.5614353,0.5784694,0.55607677,0.5936811,0.5896439,0.58818495,0.5865544,0.5855619,0.5833847,0.5830709,0.580795,0.60089564,0.6051432,0.59501,0.6070494,0.59340894,0.6062905,0.59230775,0.6063485,0.42162028,0.7056951,0.42036965,0.668812,0.4271042,0.63364065,0.43306765,0.6080468,0.432131,0.5861191,0.4562714,0.62891376,0.46974757,0.61646414,0.4689388,0.6234602,0.46453476,0.6316962,0.4637029,0.6485573,0.47659713,0.6401735,0.47435173,0.64645046,0.46891236,0.65214795,0.46720743,0.671454,0.4775914,0.6700549,0.47426876,0.6736743,0.4681249,0.67579854,0.4679811,0.696086,0.4763062,0.698695,0.47264615,0.69935364,0.46716014,0.6989843
0.5181997,0.25642937,0.51067376,0.4231124,0.53536546,0.21876633,0.4985293,0.22029376,0.54916394,0.23184106,0.4780525,0.23416373,0.60073924,0.42435876,0.42060828,0.42186606,0.6540734,0.6968321,0.35044107,0.68309957,0.6055729,0.5740143,0.42584407,0.63404167,0.6012024,0.58076,0.58494794,0.5562895,0.57458615,0.52139014,0.56902325,0.49310404,0.562284,0.47243237,0.5847549,0.49732438,0.5868875,0.46418354,0.5902444,0.4468432,0.5936527,0.4323777,0.59518564,0.50061285,0.59862983,0.46627814,0.6025312,0.4475186,0.60633624,0.432036,0.60544187,0.510009,0.60958046,0.47815076,0.61378497,0.46050724,0.61759365,0.44542363,0.6158127,0.5240586,0.6201769,0.5000284,0.623607,0.4852536,0.627071,0.4717472,0.42024893,0.6544201,0.4174456,0.6137381,0.42339283,0.5735142,0.42747337,0.54460233,0.42486405,0.52278936,0.43999055,0.57444453,0.45302483,0.5480221,0.45790118,0.5366106,0.46029386,0.52814704,0.44842693,0.59047735,0.46195635,0.5624362,0.46614006,0.5486976,0.467156,0.539052,0.4547463,0.60958034,0.46629778,0.58500266,0.4680098,0.5726303,0.466626,0.5636152,0.45953983,0.6307562,0.4688939,0.61483467,0.47047094,0.60441226,0.47016016,0.5958297
0.51763135,0.2584408,0.5107764,0.42432898,0.53468174,0.21939859,0.4975784,0.2212988,0.54843205,0.23188227,0.47793254,0.23485348,0.6007983,0.42686218,0.42075452,0.4217958,0.6568349,0.7038926,0.35375133,0.6876038,0.6150806,0.52604115,0.42852783,0.57785076,0.6060303,0.5313663,0.58841306,0.5110697,0.5775266,0.477939,0.57068664,0.45081377,0.56151783,0.43257603,0.5924986,0.44186246,0.59567845,0.40419668,0.59868824,0.3825948,0.60193205,0.36434498,0.6039669,0.4424949,0.607551,0.40024284,0.6107031,0.3747608,0.61367613,0.3534463,0.6142654,0.4505436,0.61914295,0.41071108,0.62283003,0.3872487,0.62580377,0.36641252,0.6237681,0.46477348,0.6285188,0.4361065,0.6318162,0.4169554,0.6344541,0.39933467,0.42223573,0.5767317,0.41889068,0.53422385,0.42327398,0.4917647,0.4248443,0.4615194,0.4192089,0.442139,0.4311862,0.49237248,0.44490993,0.454478,0.45193675,0.4368797,0.4567243,0.42130628,0.43881586,0.50553375,0.45387286,0.46405748,0.46111697,0.44063404,0.46547636,0.42091116,0.44624338,0.5228658,0.4591121,0.48363551,0.46382985,0.46129045,0.46637428,0.44150892,0.45365193,0.54302603,0.46474278,0.5162955,0.47055772,0.49924397,0.4754572,0.48374313
0.5174529,0.25978956,0.5106585,0.42431283,0.53435487,0.22001365,0.49714112,0.2222313,0.54785514,0.23192705,0.47790182,0.2354235,0.6003329,0.42726758,0.42098412,0.42135808,0.6590684,0.7027623,0.35709566,0.6889501,0.6168681,0.5205333,0.43168312,0.5603138,0.6065461,0.52250606,0.588127,0.5043022,0.5758869,0.4714473,0.5684363,0.44480526,0.5590035,0.4278882,0.5906043,0.43251112,0.5929783,0.39481,0.5958786,0.37328807,0.5987971,0.3553373,0.60223156,0.43211076,0.60524637,0.38992363,0.6082411,0.3646603,0.61101574,0.34372115,0.61272234,0.43953001,0.6170234,0.39941457,0.62023455,0.37642717,0.6229003,0.35647342,0.6225015,0.45327234,0.62679607,0.4243787,0.6296866,0.40579155,0.6321916,0.3890337,0.42412055,0.5613081,0.42028174,0.52035254,0.42368993,0.47828814,0.42534634,0.44736844,0.4201131,0.42737594,0.4304846,0.4763117,0.443025,0.43951294,0.45098138,0.41808277,0.45722705,0.3996001,0.4386413,0.48825613,0.45237324,0.44883662,0.46062982,0.42245075,0.466549,0.39935178,0.44694647,0.5050648,0.4592916,0.4672691,0.46554443,0.44315562,0.46962819,0.42189187,0.45536864,0.52487266,0.46609563,0.49644008,0.4722334,0.47828278,0.47758174,0.46176088
0.5163469,0.25992483,0.50929505,0.42154408,0.5336515,0.22005647,0.49616173,0.22217287,0.5469169,0.23180458,0.47785005,0.23350877,0.59735286,0.4225034,0.42123726,0.4205847,0.6660826,0.6953922,0.3662565,0.68982595,0.61487246,0.5005184,0.43875498,0.51252246,0.60521567,0.49974442,0.5857653,0.4861279,0.570884,0.4569805,0.5609023,0.43186802,0.5499758,0.4165736,0.5830991,0.4114157,0.58299094,0.37360302,0.5849851,0.3511682,0.58785474,0.33243325,0.5945138,0.40799803,0.5948474,0.36503723,0.59660167,0.33795482,0.5990625,0.31541693,0.6052508,0.41273496,0.6069713,0.3724603,0.6091122,0.34851986,0.611353,0.32771173,0.6158569,0.4241936,0.6180175,0.39484462,0.61958337,0.37603712,0.62108326,0.35888907,0.43688223,0.5080854,0.43055573,0.46928996,0.43206483,0.42882594,0.43258482,0.39838126,0.4259808,0.38029397,0.44424003,0.41717497,0.45498273,0.37582448,0.4617794,0.35353705,0.467303,0.33476636,0.453597,0.42473322,0.46542275,0.3797583,0.47254583,0.35314646,0.47769716,0.33112836,0.46243855,0.4385823,0.47382805,0.3969834,0.47941992,0.3725625,0.48306486,0.35166672,0.47083965,0.4568712,0.4808935,0.42533416,0.486429,0.40628675,0.49115592,0.38970402
0.51281,0.2593911,0.50620854,0.4175768,0.5315101,0.21976687,0.493624,0.22073433,0.54514045,0.23153263,0.47738802,0.2286096,0.5925809,0.4173342,0.4198361,0.4178194,0.6695618,0.6835528,0.37433892,0.6894318,0.61224556,0.489608,0.44816628,0.48429862,0.6019979,0.49169728,0.5830282,0.47853494,0.5674728,0.4507282,0.55688894,0.42818156,0.5459467,0.41466343,0.5783358,0.40398854,0.5781198,0.3669922,0.57966846,0.34452754,0.5820575,0.32556888,0.5895137,0.40007123,0.5894502,0.3578884,0.5908874,0.33146623,0.5929863,0.30968896,0.6004442,0.40412784,0.60200757,0.3639823,0.60384595,0.33996382,0.6056939,0.3196054,0.61128837,0.41481295,0.61285937,0.384771,0.6142653,0.3654594,0.615531,0.3484715,0.44415802,0.48675117,0.43726164,0.45026863,0.43750834,0.4109304,0.43765107,0.38114247,0.43076527,0.36405343,0.4515906,0.39474997,0.46251667,0.35236531,0.46904993,0.32956684,0.47422597,0.31086436,0.4612121,0.4019473,0.47301313,0.35633013,0.4799335,0.32976842,0.48495764,0.3082184,0.47035554,0.41565827,0.48132336,0.37304622,0.4873934,0.34911835,0.4916575,0.32969245,0.47919112,0.4336635,0.4886895,0.40036678,0.4939664,0.38081825,0.4985198,0.3644
0.50969917,0.25933808,0.5029601,0.4164297,0.5291121,0.22002107,0.49058402,0.22042152,0.542925,0.23154527,0.4758534,0.22769202,0.58900565,0.41668275,0.41691452,0.41617665,0.6702013,0.6649587,0.3972664,0.67903656,0.60984963,0.4765481,0.47638166,0.45253205,0.59488124,0.4760496,0.57536596,0.4621586,0.5588629,0.43649605,0.5473448,0.4162473,0.53639966,0.40432277,0.56765085,0.3875961,0.5666292,0.35037023,0.56731445,0.3280993,0.56868684,0.30962795,0.5787933,0.3829855,0.57712096,0.3412579,0.5774457,0.31499547,0.57815593,0.2934155,0.59005547,0.38566402,0.5892132,0.3462347,0.5901063,0.322544,0.59098125,0.30227762,0.6015688,0.39470455,0.6017601,0.36420467,0.6026144,0.3450493,0.603296,0.3279623,0.47311556,0.4442867,0.46516213,0.40764463,0.4640258,0.36941856,0.46330428,0.3412937,0.45748377,0.3227383,0.48061332,0.34140226,0.4918752,0.29860097,0.4987539,0.28007358,0.503879,0.26640955,0.49065095,0.34719336,0.5025192,0.3006494,0.509761,0.27837974,0.5153681,0.26243895,0.5005258,0.36039013,0.5120489,0.31682244,0.5181011,0.29548308,0.5226544,0.2786818,0.51109904,0.37993115,0.5210429,0.34776536,0.52587646,0.32942027,0.529774,0.314398
0.5068905,0.26057982,0.5023929,0.4152849,0.5265008,0.22076316,0.48722205,0.22141427,0.54077256,0.2316054,0.4733145,0.22832122,0.5885212,0.41585574,0.4162646,0.41471407,0.66917074,0.6516594,0.4197184,0.66648424,0.6028457,0.46361244,0.504674,0.44300145,0.5841053,0.4633865,0.5656799,0.4446197,0.5506917,0.4134099,0.54025656,0.3905859,0.52999896,0.37601507,0.5624214,0.37107086,0.5619862,0.33394232,0.5626777,0.31155556,0.5637266,0.29291734,0.57290167,0.3683632,0.5725265,0.32730928,0.573026,0.30053428,0.574084,0.2789439,0.5836014,0.37291363,0.58453065,0.33391535,0.5860557,0.3099173,0.5875427,0.28964674,0.5945352,0.38364133,0.59554505,0.3535069,0.5967641,0.33365932,0.59795386,0.31629223,0.5085716,0.4286534,0.498072,0.39345056,0.4958653,0.35467976,0.493609,0.32864925,0.48847106,0.31154153,0.5190624,0.32194924,0.5297782,0.28108194,0.5354386,0.26253283,0.53990215,0.24864577,0.53070533,0.3294139,0.5423966,0.28611395,0.54763025,0.26482108,0.5512133,0.2491572,0.5404172,0.34392968,0.55086976,0.3038122,0.55475384,0.2827203,0.5572893,0.26672933,0.54914254,0.36540484,0.55722314,0.3393794,0.56043315,0.32040808,0.56241745,0.30508772
0.50403965,0.26334226,0.5028229,0.41534352,0.52426845,0.22281645,0.48391107,0.22364026,0.5393235,0.23251937,0.47141778,0.23030551,0.5884601,0.4160407,0.41718563,0.4146464,0.6661316,0.6470321,0.4324738,0.6529688,0.5966235,0.44939974,0.53600496,0.44512334,0.5589644,0.44903654,0.5432997,0.4178561,0.5351561,0.37662902,0.5299517,0.34775713,0.5224672,0.32894105,0.55722886,0.34978873,0.5594206,0.31686196,0.56077665,0.2960926,0.56242883,0.27810597,0.5676877,0.35224867,0.5722843,0.3161612,0.5752307,0.29189807,0.5786004,0.2723042,0.57731587,0.36153373,0.5832707,0.3264523,0.5870037,0.30477402,0.5903583,0.2856783,0.5863486,0.37675688,0.5913065,0.34895006,0.59425634,0.33024755,0.59704804,0.31353155,0.5380562,0.4506595,0.5309063,0.41349724,0.5298236,0.37348306,0.528547,0.34661022,0.52537125,0.3272212,0.55848897,0.35230264,0.5628552,0.315194,0.564708,0.29344264,0.56659895,0.27540866,0.5683564,0.3604408,0.57561004,0.3206093,0.57873905,0.29636687,0.58050245,0.27679107,0.5766714,0.3750755,0.58558714,0.33637023,0.5887855,0.31091306,0.5901992,0.28861213,0.583982,0.39635053,0.5919344,0.36655664,0.5943143,0.34361914,0.5949728,0.3217725
0.5028696,0.26516452,0.501178,0.41558835,0.5228632,0.22505952,0.48294643,0.2253694,0.53744495,0.23356122,0.4704468,0.23135412,0.58576393,0.4168193,0.41659215,0.4143574,0.66014564,0.6483764,0.43757862,0.650555,0.59934515,0.45570183,0.55428106,0.45981497,0.57543707,0.44736016,0.5591512,0.42764777,0.5486163,0.39806065,0.54175866,0.37692943,0.5342645,0.36528894,0.5628845,0.35209396,0.56180185,0.31314048,0.56271106,0.28974557,0.56445736,0.27153993,0.57327604,0.3489707,0.57274836,0.30565175,0.5737346,0.27853626,0.5752234,0.25664714,0.5839131,0.3532633,0.58606017,0.31225896,0.5873284,0.2876029,0.58846825,0.26718685,0.59488827,0.3638692,0.59945136,0.33356294,0.6015849,0.31455228,0.60313123,0.2978254,0.5679311,0.45948327,0.5550237,0.43191478,0.54717267,0.3995454,0.5421235,0.37661418,0.53529716,0.36144635,0.562667,0.35504767,0.5623906,0.3135375,0.56350166,0.28891435,0.5654234,0.2695736,0.57361454,0.3556763,0.5744966,0.30864647,0.5765098,0.28092334,0.5786638,0.2593276,0.5842656,0.3647707,0.58816665,0.3213864,0.5908322,0.29586193,0.59330624,0.2751631,0.594935,0.38172978,0.5990587,0.34970284,0.60086197,0.32935467,0.6026727,0.31191385
0.5020791,0.26563197,0.49670827,0.41759646,0.52157104,0.2260629,0.48250327,0.22624885,0.5348202,0.23457797,0.46992147,0.23286317,0.5790202,0.42087686,0.41439632,0.41431603,0.65132666,0.6500372,0.44208732,0.65334177,0.6064235,0.46280524,0.5760237,0.5076756,0.59362787,0.42998645,0.57483965,0.41627347,0.5588641,0.38767722,0.5482865,0.36604086,0.5379561,0.35500246,0.5710156,0.33529443,0.5697498,0.29697597,0.5710783,0.27539867,0.5732388,0.2577999,0.5817963,0.3310328,0.580739,0.28830975,0.58178496,0.26275936,0.5833863,0.24227192,0.5925552,0.33457577,0.5931525,0.2954596,0.5946937,0.27283388,0.5961046,0.2536476,0.60341686,0.34458807,0.6050312,0.31555176,0.60648483,0.2980937,0.60793006,0.2828342,0.57618475,0.5574139,0.5689807,0.5193401,0.5736974,0.48184922,0.57851726,0.45624718,0.57569,0.4375998,0.5987206,0.4769692,0.6145261,0.4494269,0.6245743,0.4369692,0.63257974,0.42918262,0.60732424,0.4914016,0.6238282,0.45938733,0.6338858,0.442712,0.6423644,0.43169525,0.61363953,0.5070918,0.62963057,0.47659492,0.6384004,0.45927638,0.6454999,0.44792223,0.61831707,0.5235529,0.6321209,0.50249815,0.6391558,0.48975837,0.64457905,0.48028442
0.5022282,0.2668668,0.49501985,0.41902483,0.52131736,0.22654384,0.48272994,0.22754101,0.53392243,0.2353797,0.46940878,0.23482183,0.57622486,0.423647,0.41381484,0.41440266,0.6504026,0.6414922,0.44234785,0.6601135,0.6065989,0.45645678,0.57582134,0.5462036,0.5946721,0.4271078,0.57587296,0.4139871,0.56030595,0.3854732,0.55021,0.3634376,0.53964984,0.3518836,0.5728375,0.3330842,0.57210684,0.29523823,0.5734914,0.2733376,0.5756429,0.25504902,0.583757,0.32903662,0.5828929,0.2863249,0.584022,0.26076677,0.585701,0.24017282,0.59449196,0.33307463,0.59508675,0.29360032,0.59662646,0.27047864,0.5980607,0.25082642,0.6054244,0.34380728,0.60682005,0.3145658,0.60819733,0.2962644,0.60948163,0.28005537,0.57075983,0.59410495,0.5665856,0.5551175,0.57597345,0.51598823,0.58457726,0.49020708,0.5845886,0.4700741,0.6033902,0.51991963,0.62295926,0.49785745,0.6350351,0.48789212,0.6445347,0.48213935,0.61136395,0.53831714,0.6321265,0.5128978,0.64507025,0.4992749,0.6555421,0.4901741,0.616326,0.5567543,0.63613117,0.5320368,0.64831525,0.5176391,0.6582469,0.5073388,0.6188841,0.5744562,0.63509846,0.55862683,0.6446848,0.54927415,0.6525536,0.54197806
0.50480086,0.26722297,0.49550253,0.42104036,0.52176636,0.2267591,0.48553208,0.22855803,0.534012,0.23562896,0.47002748,0.2363483,0.57636636,0.4271324,0.4146387,0.4149483,0.65364045,0.63400525,0.41820806,0.67223036,0.6081008,0.43493214,0.5633718,0.63621694,0.6013245,0.41906407,0.58282727,0.4049478,0.5675208,0.3758331,0.55739754,0.35348856,0.54677016,0.34321505,0.58140004,0.32456696,0.5807933,0.28666076,0.5823833,0.26567522,0.5846314,0.2481206,0.59232324,0.32066754,0.59147644,0.2782176,0.59263766,0.25308937,0.59433997,0.23282766,0.60317844,0.32511422,0.60423934,0.2864246,0.60612655,0.26447418,0.60777557,0.24556923,0.6141414,0.33619544,0.61581534,0.30759504,0.6171107,0.28984293,0.6183675,0.2736968,0.5512222,0.6467629,0.5502752,0.6068821,0.5618581,0.5756927,0.57411754,0.5545142,0.5771224,0.53473794,0.588621,0.58326596,0.61269206,0.56436855,0.62739563,0.55620474,0.6389299,0.551107,0.5964726,0.603158,0.6217329,0.58115095,0.6378648,0.56834006,0.6507817,0.5594077,0.6006545,0.6213903,0.62385464,0.6003243,0.6381758,0.58830595,0.6490767,0.5792964,0.6020468,0.6370836,0.6205193,0.6224769,0.63155556,0.6139713,0.640575,0.60718846
0.5089096,0.2678512,0.49652076,0.42426422,0.5232024,0.22694194,0.48947495,0.22971648,0.53425115,0.23609601,0.47171915,0.2382018,0.57661825,0.43216202,0.4164233,0.41636643,0.6552373,0.6368542,0.39759025,0.6821425,0.6113483,0.43225488,0.5542911,0.65743065,0.60637605,0.418464,0.58713347,0.40470383,0.57148767,0.3750927,0.5617739,0.35290283,0.5516381,0.34206042,0.5860217,0.32353312,0.58539176,0.2862302,0.58679354,0.26514405,0.58880746,0.24775319,0.5972599,0.31955197,0.596858,0.27739418,0.5979483,0.25209185,0.59951735,0.23186408,0.608065,0.3235606,0.60905087,0.28474143,0.61047435,0.26262146,0.6117654,0.24368493,0.6189512,0.3340552,0.62091494,0.30552703,0.62216,0.2879223,0.6232977,0.27216554,0.53954726,0.6589349,0.5373042,0.6192629,0.5485184,0.5893588,0.5617938,0.5697114,0.56501263,0.55053174,0.5774805,0.5972513,0.6007233,0.57907784,0.61556077,0.57154304,0.6275365,0.5675301,0.58535457,0.6175598,0.61001813,0.5945785,0.6260412,0.5825183,0.6391453,0.5752069,0.58940417,0.6354227,0.6119945,0.61362207,0.6257864,0.60213214,0.6367331,0.59495676,0.5906232,0.6506964,0.6087694,0.6344035,0.6195609,0.6259767,0.6285936,0.6202669
0.51174664,0.2680956,0.5030532,0.42561203,0.52617955,0.22699323,0.49156052,0.2302199,0.53829706,0.23624511,0.4736998,0.23899738,0.5860996,0.43387344,0.4200068,0.4173506,0.66329247,0.64641166,0.37999535,0.68566585,0.6189562,0.4357784,0.53319204,0.6414968,0.61563385,0.42481768,0.59651417,0.41030422,0.58036757,0.37990037,0.56968457,0.35795337,0.5590523,0.34717363,0.5955943,0.32861978,0.5950859,0.29081792,0.5963551,0.2696639,0.59818333,0.251841,0.6067894,0.3250631,0.6059571,0.28280395,0.6068518,0.25748962,0.60825604,0.23686118,0.6175654,0.32928607,0.61873025,0.29033327,0.6203833,0.26813108,0.6216095,0.24876507,0.6282579,0.3400364,0.630039,0.31155598,0.6312896,0.2933936,0.63214684,0.27670926,0.51439583,0.63586676,0.50947154,0.60045373,0.5183652,0.5675363,0.5287075,0.5468127,0.52982956,0.5301345,0.5480685,0.5698346,0.569385,0.5490396,0.582236,0.54291385,0.59268606,0.5411244,0.5559134,0.58741266,0.57788694,0.56336564,0.5924546,0.5530857,0.6048847,0.5488151,0.56041896,0.6051407,0.5810141,0.58414966,0.59346586,0.574528,0.6036491,0.5700869,0.5625905,0.62306106,0.5790061,0.6074907,0.58857286,0.59940416,0.59700525,0.59455824
0.51578754,0.2681001,0.5081513,0.42624825,0.53102994,0.22695588,0.49482474,0.23007871,0.5443554,0.23646258,0.47616902,0.2390552,0.59374124,0.43531457,0.4225613,0.41718197,0.67000127,0.6612908,0.36713088,0.6860068,0.62522775,0.4393813,0.5026181,0.61017156,0.6211688,0.4300892,0.60141647,0.41782188,0.5848736,0.38889802,0.574187,0.3669677,0.5633113,0.3560353,0.60008824,0.3361503,0.59900695,0.2987573,0.60013473,0.27747875,0.6019304,0.25956213,0.61137927,0.33180046,0.6104797,0.28973284,0.6114109,0.2641306,0.6129938,0.24364956,0.6220903,0.3354124,0.6233718,0.2972562,0.6249571,0.2753672,0.6262903,0.25651926,0.63280797,0.3455758,0.6348925,0.3182713,0.63612664,0.30131415,0.63702023,0.28607565,0.49353266,0.60061526,0.4888883,0.5651148,0.4948884,0.53003174,0.5020801,0.50645983,0.5006303,0.48891613,0.5215702,0.5271704,0.5403669,0.5018187,0.5522479,0.49035883,0.56174856,0.48320684,0.53049433,0.54335064,0.5508425,0.51516855,0.5639092,0.5004304,0.5742707,0.4916141,0.5363852,0.56089056,0.5554061,0.5346726,0.56684846,0.52061945,0.5755334,0.5121077,0.5400971,0.5791429,0.5555589,0.56027716,0.5648565,0.5489058,0.5725713,0.5409636
0.52051014,0.26848838,0.5088295,0.42900556,0.5360026,0.22746465,0.4994799,0.23018,0.54917973,0.23746003,0.47850376,0.23916137,0.59525687,0.4419861,0.42240214,0.41602498,0.6730704,0.6738873,0.36544576,0.68566936,0.62672925,0.4430234,0.48659366,0.5594781,0.6227418,0.43748426,0.6030629,0.42576906,0.5860912,0.39721406,0.57477707,0.3757118,0.5634865,0.3652773,0.60074955,0.34428623,0.5996101,0.3070244,0.60049057,0.28567758,0.60213417,0.26781854,0.6120935,0.3395182,0.6111571,0.2978412,0.6118748,0.2723948,0.613222,0.25204524,0.6228679,0.34284404,0.62416637,0.30504224,0.62570095,0.28308755,0.62690574,0.26447433,0.63341427,0.35282472,0.63532174,0.32550365,0.6364586,0.3084701,0.637224,0.29355568,0.4849363,0.5572925,0.47739866,0.5188106,0.4795108,0.47989184,0.4829296,0.45183372,0.47966453,0.4327099,0.50537044,0.4716125,0.5205668,0.4427275,0.5299105,0.42613086,0.53701144,0.412985,0.51560664,0.48610127,0.53292435,0.45333552,0.5428531,0.43223792,0.5501253,0.41544017,0.52292,0.5027617,0.5392787,0.47028652,0.5482422,0.4501229,0.55458015,0.43432194,0.52805716,0.52062964,0.5416211,0.49727178,0.5496685,0.48210979,0.5563978,0.46952868
0.5226533,0.26857412,0.5093888,0.43207568,0.5379465,0.2274864,0.5014666,0.2301601,0.5509411,0.23764567,0.47971648,0.23911077,0.5963064,0.44935247,0.42247123,0.41479892,0.6746717,0.67891884,0.3683881,0.6854818,0.6259524,0.4452071,0.48977143,0.51739943,0.6198774,0.44147798,0.600539,0.43008682,0.5834771,0.40276542,0.57207197,0.38137764,0.5614997,0.36934716,0.5972878,0.34896624,0.59622633,0.31150973,0.59715647,0.28985643,0.59894294,0.27184457,0.6086501,0.34452152,0.6075573,0.30237195,0.60824704,0.27658078,0.60971785,0.25628296,0.6194466,0.34806386,0.62058544,0.3095324,0.6221447,0.2871666,0.62346643,0.26863495,0.6300623,0.358191,0.6317693,0.32975796,0.6329561,0.312127,0.6337842,0.2968372,0.4876637,0.5219463,0.4787291,0.48594248,0.47954294,0.44720566,0.4821987,0.41819316,0.47755915,0.399758,0.50415295,0.43305942,0.5200256,0.39916682,0.5283981,0.3821971,0.53429186,0.36886796,0.51520467,0.4466536,0.5319132,0.406713,0.540219,0.3852851,0.5459289,0.36919582,0.523453,0.46338147,0.539358,0.42335597,0.5472235,0.40063223,0.5526476,0.38338536,0.52965283,0.4819667,0.5420139,0.45315352,0.5489251,0.4362962,0.5547276,0.42280972
0.5225252,0.2700447,0.5106251,0.43158555,0.5377486,0.22832972,0.5014516,0.23131251,0.5508739,0.23802802,0.47983238,0.23937622,0.59827274,0.4485707,0.42297748,0.4146004,0.67340654,0.680659,0.38191324,0.6848784,0.62467253,0.44980603,0.4911743,0.495597,0.6125747,0.44736958,0.59324616,0.43470836,0.5760279,0.40840402,0.5653146,0.38852224,0.55866396,0.3723719,0.5901014,0.3552058,0.58868897,0.3178663,0.58940876,0.296311,0.59114534,0.27887914,0.60132563,0.35048077,0.59980875,0.30824038,0.6003746,0.28276193,0.6019448,0.2630121,0.61215377,0.35377136,0.61317074,0.3152054,0.61479676,0.29278755,0.61626405,0.27404952,0.62287104,0.36411873,0.6247354,0.33558822,0.6261396,0.3179094,0.6270632,0.30248755,0.51247585,0.4318457,0.49928114,0.41248828,0.49495834,0.385001,0.4924806,0.36019382,0.48593462,0.3445249,0.5149564,0.3563231,0.5279921,0.32685477,0.53532666,0.31870955,0.5411861,0.31083834,0.5263674,0.36611834,0.54036665,0.33132324,0.54710853,0.319168,0.55217326,0.308663,0.5347153,0.3803939,0.5465929,0.34813023,0.5510069,0.33519876,0.5555898,0.32353127,0.54191583,0.39906633,0.5515849,0.38031524,0.55656874,0.37024537,0.5611225,0.36034366
0.5225239,0.2713346,0.51093,0.4309383,0.5376091,0.22900702,0.5015226,0.23235941,0.550445,0.23818015,0.48006284,0.23954447,0.59869456,0.44794115,0.42316547,0.41393545,0.67144465,0.68017346,0.39517593,0.6815462,0.62319624,0.45388937,0.5003384,0.488001,0.6108639,0.4477734,0.59205496,0.43541798,0.5751403,0.40995383,0.56500554,0.39087972,0.5591584,0.37455142,0.5886612,0.35563806,0.58663845,0.31798854,0.5872305,0.29698625,0.58884466,0.28005427,0.5998228,0.3511993,0.5981027,0.3086673,0.5986251,0.28308055,0.6001832,0.26312754,0.6107223,0.35465524,0.611248,0.31578505,0.6127971,0.29377663,0.61425537,0.275382,0.6215984,0.3649609,0.6232614,0.3362996,0.62461334,0.31893805,0.6255848,0.30391008,0.50532067,0.45536557,0.49526557,0.42466372,0.4939208,0.38819388,0.494983,0.3584261,0.48957765,0.34046453,0.51752114,0.36696497,0.5318497,0.32888576,0.54032654,0.31539634,0.54719365,0.30494884,0.52983755,0.37623358,0.54495144,0.3328097,0.55297023,0.3140484,0.5589225,0.3005508,0.5396767,0.39072537,0.55272526,0.3502055,0.55877036,0.3311504,0.56340665,0.3161031,0.54763055,0.4095043,0.558442,0.38088906,0.564362,0.3664888,0.5691711,0.35505638
0.5226824,0.27188018,0.51075566,0.42957735,0.5375801,0.22923763,0.50164866,0.2331555,0.5501584,0.23817608,0.4801618,0.23983377,0.5983187,0.4467561,0.4231926,0.41239858,0.6678433,0.67927635,0.41560513,0.67118627,0.6166808,0.45478424,0.52686316,0.4754492,0.604698,0.4500091,0.58779067,0.43508005,0.57475126,0.40829584,0.56873024,0.3868042,0.5650932,0.3679668,0.582645,0.35624334,0.5805856,0.32121146,0.58004344,0.30154723,0.58060116,0.2847172,0.5936107,0.35271013,0.59234565,0.31178364,0.5926776,0.28643972,0.59395075,0.2652968,0.60457456,0.3567129,0.60557413,0.3183983,0.607453,0.29553214,0.60926765,0.27614677,0.6153295,0.36765146,0.6175712,0.33921704,0.61945766,0.3210444,0.62089086,0.30476812,0.5289421,0.45400286,0.51896906,0.41902286,0.5165294,0.3827935,0.51748854,0.35337225,0.5155328,0.33221632,0.5414273,0.36340633,0.55470306,0.3268794,0.56366324,0.30595997,0.5712054,0.29088467,0.5520634,0.3748264,0.5655171,0.3332076,0.5743542,0.30849817,0.58138114,0.2901824,0.56108165,0.3905887,0.5731665,0.35221404,0.5816552,0.32938033,0.58805174,0.3133177,0.5683471,0.41018716,0.5787962,0.3828337,0.584586,0.368495,0.5892431,0.35840592
0.5224998,0.271964,0.51117307,0.4288427,0.53756225,0.22929141,0.5018029,0.23330753,0.5500502,0.23817256,0.48019624,0.23987307,0.59809136,0.44700187,0.4242548,0.4106835,0.6654632,0.678819,0.42707834,0.6629283,0.613689,0.4543074,0.53580576,0.46539712,0.6027797,0.44843277,0.5858638,0.42891505,0.5732116,0.39938366,0.5653942,0.37859246,0.55928147,0.35992703,0.58350605,0.3529651,0.58325005,0.31883386,0.5835051,0.29772484,0.58431715,0.2786412,0.5931949,0.3515498,0.5924981,0.31307024,0.592192,0.28768954,0.5925437,0.26482934,0.6030711,0.35648677,0.6045446,0.31975728,0.6059241,0.29644695,0.60695666,0.2755236,0.61302507,0.36787787,0.6157214,0.33987293,0.6178849,0.32140207,0.6193602,0.30412602,0.54084325,0.45623308,0.531871,0.42112476,0.5297015,0.3829654,0.5291806,0.35248104,0.5242385,0.33229104,0.555533,0.36562786,0.56946915,0.3295948,0.5791228,0.308134,0.5870109,0.2920069,0.56614625,0.3788705,0.57976586,0.3374728,0.588282,0.3108657,0.5953616,0.28961644,0.5746251,0.39507583,0.587492,0.35687584,0.59605294,0.33225954,0.60275954,0.3143915,0.5813167,0.4132961,0.5919853,0.3836953,0.598377,0.36641848,0.60352147,0.35302722
0.5223803,0.27201417,0.51001585,0.42696923,0.5375222,0.22966357,0.50176775,0.23349662,0.54974824,0.2381938,0.48023507,0.23985355,0.5951921,0.44470468,0.42483962,0.4092338,0.66375965,0.6784616,0.4336693,0.6608365,0.6119503,0.4574878,0.55047554,0.47039136,0.6053232,0.4396546,0.58719873,0.42883316,0.57337475,0.4022708,0.56487507,0.3791024,0.5565762,0.3625103,0.5835196,0.35496062,0.5828052,0.31593597,0.5840041,0.2926975,0.5858642,0.2743726,0.5938115,0.3499429,0.5925862,0.30643532,0.59293574,0.28002647,0.5940485,0.25894654,0.60418266,0.35150224,0.60539913,0.3124623,0.60644287,0.29012156,0.6072267,0.2713185,0.6148087,0.35838068,0.61770284,0.33010313,0.61905426,0.31358516,0.62011576,0.29930684,0.5564401,0.46828288,0.5461107,0.44018894,0.54522896,0.40438798,0.54755706,0.37437624,0.5449243,0.3536805,0.56867397,0.37920976,0.5768554,0.3334824,0.5822558,0.30519205,0.5868394,0.2842835,0.57821316,0.3833185,0.58694005,0.33276373,0.59252125,0.29911023,0.59734577,0.27281418,0.5858192,0.39274445,0.5971305,0.34873757,0.6027275,0.321023,0.60721284,0.2996482,0.5922419,0.4062863,0.6038182,0.37514648,0.609671,0.3548968,0.6146463,0.33736697
0.52232957,0.27208138,0.50852615,0.4249933,0.5374646,0.23013218,0.5017149,0.23376754,0.5493532,0.2381588,0.48028266,0.2398506,0.5921976,0.44149303,0.42485473,0.40849358,0.66275215,0.67800367,0.4364895,0.6604735,0.6109229,0.46299526,0.55933124,0.47711495,0.60951024,0.43007132,0.5905753,0.42222556,0.5749839,0.3990348,0.56456965,0.37800848,0.55460197,0.36395147,0.5842597,0.35346383,0.5826547,0.31338102,0.58390284,0.2903865,0.5858727,0.27253577,0.59500486,0.34777558,0.5932992,0.3029779,0.5938039,0.27722222,0.5953161,0.2571619,0.60558367,0.349182,0.60576457,0.30911052,0.606602,0.28749225,0.6076138,0.26966938,0.6163372,0.35516816,0.61854297,0.32740685,0.6195637,0.3115554,0.6206474,0.2979392,0.5565286,0.49092656,0.54933,0.45560667,0.55152684,0.41818914,0.5564036,0.3882402,0.5529619,0.36705577,0.5758943,0.40373266,0.587962,0.36076093,0.5952203,0.33599886,0.6014117,0.3173566,0.58634704,0.41580224,0.5996809,0.36787212,0.60740465,0.33600408,0.61383915,0.3104602,0.5940418,0.43333006,0.60928935,0.394442,0.61818665,0.36954308,0.6252914,0.3501984,0.59931654,0.45481864,0.61240286,0.428231,0.6205014,0.4114304,0.6276521,0.3969106
0.5222344,0.2715225,0.508366,0.42339283,0.5373926,0.22979102,0.50171965,0.2334379,0.54926777,0.23736255,0.4803605,0.23956832,0.5918721,0.43827853,0.42485994,0.40850714,0.66261846,0.6780036,0.43672815,0.66182053,0.6104319,0.47066203,0.5620085,0.48008883,0.6084821,0.42731,0.5907878,0.41763312,0.5764486,0.39476252,0.5670708,0.37326998,0.55764997,0.35718322,0.5848439,0.3511189,0.5835847,0.31273246,0.5844301,0.29141364,0.58603,0.27343205,0.59570813,0.34803447,0.5938603,0.30468908,0.5938059,0.27861872,0.5950063,0.25821924,0.60667866,0.35241112,0.60730755,0.31277445,0.6087052,0.2888215,0.6103536,0.26948074,0.617824,0.36201525,0.6198804,0.3333129,0.62139994,0.3147809,0.6229962,0.299113,0.5570904,0.504987,0.55092955,0.4691625,0.55368596,0.43259183,0.5596412,0.40267247,0.5576729,0.37931114,0.5799268,0.42229733,0.59819514,0.39171964,0.60908014,0.37580162,0.61757654,0.3638889,0.5908874,0.4370488,0.60957664,0.40263793,0.62102306,0.38222376,0.6297794,0.3669784,0.59845436,0.45410907,0.61511284,0.4216204,0.6253778,0.40112364,0.6333566,0.3847552,0.60330045,0.4728233,0.61673146,0.44850567,0.62493914,0.4337823,0.63212955,0.4212174
0.52216023,0.2706963,0.5083473,0.4231056,0.5373397,0.22927868,0.50168693,0.23289226,0.54923123,0.23659614,0.4803625,0.2391924,0.5918278,0.43761286,0.42486668,0.40859836,0.66268826,0.6781851,0.43739298,0.6628067,0.61050004,0.4727794,0.5631789,0.48188493,0.60727584,0.4269442,0.5900676,0.41690737,0.57659703,0.39329842,0.5680247,0.371458,0.5588377,0.35429162,0.58474755,0.3508224,0.58356637,0.3136259,0.5840778,0.29162005,0.5853571,0.27285177,0.5955849,0.34829214,0.5941543,0.30601433,0.5940227,0.27973685,0.5950738,0.25878373,0.6065028,0.35311168,0.6075486,0.31393713,0.60925114,0.29003266,0.6111318,0.2704707,0.6174752,0.36345103,0.6200366,0.33472535,0.62218463,0.31624347,0.6242665,0.3005383,0.55838513,0.5071511,0.55128276,0.47045535,0.5539881,0.43561104,0.560358,0.40742683,0.55976975,0.3838094,0.58139414,0.42585593,0.59980756,0.39636344,0.61128336,0.38053745,0.6205126,0.36842015,0.59246325,0.44173226,0.6112284,0.408385,0.62277776,0.38880917,0.63200366,0.3738299,0.59999907,0.4589165,0.6165815,0.42679483,0.62664455,0.40737715,0.63444287,0.3922487,0.60468864,0.47670522,0.6179734,0.45186162,0.6258708,0.43809795,0.63266635,0.42677096
0.5220443,0.27007493,0.5083847,0.42211884,0.53728294,0.22886945,0.5015619,0.23241217,0.5491655,0.2362031,0.48036304,0.23894633,0.5919577,0.4354277,0.4248117,0.40881,0.66299,0.680078,0.43698817,0.66846806,0.6105744,0.4789349,0.5627216,0.49297598,0.6051417,0.43416968,0.58805925,0.42134964,0.5760742,0.3947205,0.5693651,0.3706552,0.5627539,0.34932327,0.5851637,0.3552516,0.58172137,0.3222304,0.5783706,0.30590174,0.57464,0.29295963,0.59459805,0.35287493,0.5909959,0.31692278,0.58682674,0.2971609,0.5825981,0.28221282,0.6045596,0.3567834,0.60324967,0.3210456,0.6015686,0.29895803,0.59945226,0.28068247,0.6149149,0.36620024,0.6167794,0.33759898,0.6175022,0.3182883,0.6174275,0.30148873,0.5566359,0.51750654,0.551389,0.4801064,0.5552619,0.44604966,0.56355953,0.41869956,0.56543094,0.3958113,0.58110654,0.44349977,0.60077524,0.41349044,0.61211157,0.39847648,0.6210573,0.3869895,0.59144557,0.4602275,0.61116576,0.42610887,0.6228598,0.40653053,0.6318685,0.39223516,0.59812903,0.47759575,0.6165716,0.44676274,0.62740105,0.4281051,0.6354866,0.41425326,0.6021284,0.4947319,0.6165369,0.47063887,0.6249388,0.45648453,0.632163,0.4448907
0.52133733,0.2687791,0.5083645,0.418713,0.5367722,0.22806075,0.5010541,0.23070844,0.5489122,0.23589139,0.48034576,0.23788315,0.5923745,0.42830056,0.42435452,0.40912545,0.6630572,0.68342435,0.4315527,0.67367816,0.6106295,0.48983198,0.56039244,0.5125757,0.5996475,0.44522774,0.58409345,0.42936152,0.5746059,0.40044916,0.57004476,0.37636086,0.56566775,0.35368314,0.5850537,0.36239854,0.5804612,0.33288682,0.5725446,0.32503983,0.5644461,0.3255021,0.5924084,0.36116546,0.58814955,0.3291008,0.5793967,0.32139993,0.57027507,0.32320157,0.6003799,0.36478537,0.59663326,0.33226356,0.5884672,0.3220739,0.5800258,0.31966415,0.6090794,0.37345648,0.6082856,0.34609896,0.60412157,0.33138236,0.59889793,0.3221713,0.5517404,0.53283525,0.547945,0.49263778,0.5553424,0.45786572,0.5664473,0.43334115,0.57006043,0.41161773,0.5796749,0.46111742,0.5997508,0.4344629,0.6111256,0.42023435,0.6194608,0.41013682,0.5889433,0.4795391,0.6089455,0.44832158,0.62012583,0.43037033,0.6282915,0.41718343,0.5949166,0.49794117,0.61368245,0.4680709,0.6243867,0.45047548,0.6323539,0.4370132,0.5981493,0.5154343,0.6129061,0.49198404,0.6215589,0.47786865,0.62903255,0.46617404
0.52123237,0.2659237,0.5091204,0.41848093,0.5366759,0.22572345,0.5009997,0.22786744,0.5487988,0.23559003,0.48035938,0.23700042,0.5938516,0.4262412,0.42438915,0.41072065,0.66316086,0.6867664,0.41285965,0.67880046,0.61285746,0.5123001,0.54688346,0.5480391,0.59400076,0.4711711,0.59004134,0.4482464,0.581934,0.42135832,0.57238066,0.4052588,0.56522167,0.3946524,0.5879744,0.39088184,0.5708491,0.37300035,0.55823755,0.38340777,0.5510366,0.39951202,0.58708775,0.39142558,0.5691294,0.37348962,0.5562036,0.38615122,0.5493352,0.402815,0.5861409,0.39593306,0.57077855,0.37861854,0.55812895,0.39158046,0.55129194,0.40750054,0.5853405,0.40436143,0.5736275,0.39237925,0.56418675,0.3990141,0.55810153,0.40871945,0.53858954,0.56154776,0.53772223,0.520516,0.55004185,0.4892787,0.5640674,0.46790043,0.570513,0.4481507,0.5717132,0.4989733,0.5947607,0.47900376,0.6065143,0.46864203,0.61507404,0.4602487,0.5788229,0.5209885,0.6015421,0.49627528,0.6133396,0.48098838,0.621524,0.46904278,0.58236104,0.5414799,0.60367376,0.51830494,0.6152027,0.50474465,0.62325114,0.4945499,0.58345944,0.5588584,0.6001011,0.5416742,0.6100629,0.5313687,0.6182255,0.52300143
0.5212042,0.2632863,0.51031727,0.41942385,0.53666854,0.22310434,0.5009818,0.22541037,0.5488772,0.23522267,0.48037964,0.23668385,0.59581923,0.4266847,0.4248153,0.412163,0.66346663,0.68972576,0.40435416,0.6822328,0.61574197,0.5260788,0.5371357,0.56620723,0.59021467,0.47959042,0.5911138,0.45995075,0.5847712,0.4311492,0.5741374,0.4121854,0.5653187,0.40030262,0.5904884,0.40324402,0.5684959,0.38904995,0.55537343,0.3973884,0.5488182,0.4117471,0.58663076,0.40546837,0.5648622,0.39517903,0.5524125,0.4062259,0.54593134,0.42124343,0.582201,0.41180575,0.56367534,0.40332127,0.5522256,0.41501758,0.5459512,0.429557,0.57754356,0.42157996,0.564157,0.41541582,0.5561759,0.4235902,0.55105036,0.43399793,0.531137,0.57388264,0.5321863,0.5318826,0.54686433,0.50000566,0.56136304,0.480372,0.567371,0.4603307,0.5690371,0.5123772,0.5908178,0.4954019,0.6029382,0.48489472,0.6117794,0.47609875,0.5749799,0.53452146,0.5962759,0.51233274,0.608914,0.49771798,0.6187738,0.485757,0.5777588,0.5551391,0.59862596,0.5343732,0.6110464,0.52245504,0.6208849,0.51273775,0.57801926,0.5725107,0.5944153,0.55673724,0.60466135,0.5473817,0.61348724,0.5401254
0.52149713,0.26190224,0.5111492,0.41973284,0.53716636,0.22150566,0.5014711,0.22394748,0.5492875,0.23494112,0.4805539,0.23635511,0.59726804,0.42653328,0.4250304,0.4129324,0.6675981,0.69040024,0.38810924,0.68713135,0.61049616,0.548632,0.51551104,0.5945403,0.5866315,0.5265689,0.58511114,0.49604967,0.5755916,0.46232617,0.56276405,0.44125518,0.5523287,0.42911166,0.5717404,0.45436576,0.5501922,0.43891662,0.54086167,0.44380683,0.5380194,0.4533437,0.56833243,0.46729147,0.5469695,0.45363492,0.5392484,0.45994356,0.53718203,0.4684949,0.56536597,0.48337066,0.5468232,0.47022504,0.5396685,0.47513556,0.5380119,0.48170528,0.56301266,0.5001489,0.5483074,0.49034604,0.5439072,0.4914768,0.54302025,0.49414602,0.53157526,0.5872291,0.5301468,0.5532998,0.5404578,0.52931154,0.5517952,0.51316637,0.55811,0.49552235,0.56251395,0.543559,0.58356816,0.53204644,0.59426534,0.5264329,0.6025216,0.5208857,0.5673153,0.5647382,0.58827627,0.551581,0.5997423,0.5412731,0.608355,0.5319912,0.5688453,0.5844373,0.5888409,0.5735988,0.5997034,0.5655586,0.6086366,0.55832744,0.5683217,0.60061073,0.5830813,0.595251,0.5919,0.5908923,0.59990346,0.5869684
0.5221806,0.26003653,0.51189506,0.4193532,0.53798157,0.2198479,0.50239813,0.22182564,0.5499043,0.23431665,0.4808978,0.2355936,0.5987359,0.4254384,0.42505416,0.41326797,0.6713105,0.6883571,0.3698529,0.6915045,0.60155356,0.57897973,0.4938392,0.6188744,0.4905442,0.47456962,0.48761767,0.44815361,0.47707385,0.4197209,0.4649144,0.40200242,0.4544878,0.39209896,0.47125182,0.42034376,0.45113936,0.4092118,0.44447207,0.41033578,0.44354177,0.41408888,0.46897677,0.43526405,0.44876593,0.4244703,0.4446149,0.42666313,0.44548804,0.43082792,0.4677036,0.4514197,0.44992825,0.44066253,0.44651935,0.44201243,0.44790637,0.4444484,0.46715212,0.46736825,0.45279932,0.46090594,0.45117423,0.46072933,0.45308676,0.4619368,0.5187629,0.628293,0.5173703,0.5931088,0.5276669,0.567552,0.5396165,0.55073637,0.5475526,0.53383696,0.546671,0.58584154,0.5701172,0.5745561,0.58267885,0.5699779,0.59244347,0.56644696,0.5507835,0.6090443,0.5740081,0.59633106,0.5872141,0.5875526,0.5975981,0.5805347,0.55178475,0.62802374,0.57378846,0.6186461,0.5868158,0.6126748,0.597323,0.60850275,0.55118805,0.6425017,0.5674577,0.63649243,0.5773296,0.6336188,0.5857239,0.6311312
0.5239154,0.25493428,0.5134999,0.41792032,0.53948116,0.21569179,0.50429744,0.21756221,0.55128276,0.23135132,0.4814121,0.23351619,0.6020114,0.42235422,0.42498842,0.41348642,0.6711822,0.6855959,0.35983694,0.6912477,0.5882805,0.6212033,0.48301345,0.643808,0.3707719,0.41447046,0.36878434,0.3901524,0.36054647,0.36918184,0.35050163,0.36172467,0.34162343,0.35702375,0.34555197,0.38550952,0.33174327,0.37716484,0.3368939,0.37490654,0.3436119,0.37788665,0.3432149,0.40062228,0.3307474,0.39237073,0.33586988,0.38738722,0.342661,0.3881089,0.34236756,0.4143802,0.33206314,0.40691063,0.33660948,0.4019577,0.3424513,0.4022168,0.34279546,0.4261536,0.33380264,0.42016977,0.33632097,0.41527835,0.34081966,0.4146951,0.49818867,0.66145337,0.4986095,0.62575763,0.51111484,0.60066074,0.5256661,0.5852822,0.5361692,0.5718631,0.5325615,0.6243968,0.55667764,0.61668044,0.5691775,0.61232054,0.57877946,0.6092249,0.53598356,0.6492315,0.5600016,0.63811564,0.57383174,0.6305907,0.58454853,0.62532824,0.5359765,0.66890275,0.558688,0.6602629,0.5719607,0.6554456,0.58266586,0.65244555,0.5342198,0.68342716,0.5507718,0.6782595,0.56068784,0.67535764,0.5691588,0.67302716
0.5248478,0.25207442,0.5146853,0.41783607,0.54031235,0.21343234,0.5052225,0.21497841,0.55219007,0.22952181,0.48171932,0.23207286,0.6044958,0.42175433,0.4248747,0.4139178,0.67136616,0.68533474,0.35636866,0.6909477,0.5839177,0.63401186,0.4785916,0.6578338,0.5703193,0.6388923,0.5660841,0.600304,0.55348366,0.56893617,0.53830564,0.55708593,0.52426916,0.5506605,0.5326956,0.5942993,0.5119032,0.58136344,0.51676863,0.5775158,0.52449536,0.58158886,0.5286903,0.6171935,0.5092901,0.6029005,0.5144602,0.59582233,0.523073,0.59844846,0.5268221,0.6375008,0.5099485,0.62290883,0.5158506,0.6156772,0.52410316,0.6178697,0.5266733,0.6546863,0.5112605,0.6428563,0.5148673,0.63571143,0.5218464,0.63686323,0.48475718,0.6774444,0.48852038,0.63808906,0.5039464,0.6115723,0.5195124,0.5961505,0.5307769,0.5849336,0.5261647,0.6393921,0.5502288,0.63278586,0.5638804,0.6284363,0.57418567,0.62488306,0.52968395,0.6636278,0.55324,0.65349376,0.5680967,0.6455941,0.5796587,0.63983446,0.52974457,0.6823167,0.5523149,0.67445225,0.56647754,0.66951185,0.5777768,0.6662533,0.5276245,0.69513226,0.54501295,0.6908806,0.5558582,0.68746495,0.5647972,0.6848646
0.52492064,0.2506404,0.5145673,0.4192546,0.54051566,0.21263483,0.5052352,0.2137492,0.5525366,0.22891231,0.48172423,0.23141253,0.6051914,0.42167863,0.42394322,0.41683057,0.6713077,0.68615067,0.3490753,0.6909615,0.579493,0.6734777,0.4681748,0.69508094,0.5698488,0.6762128,0.56091404,0.64230734,0.54398686,0.61914414,0.5275292,0.61310726,0.5137199,0.6077666,0.5287478,0.64477557,0.50766975,0.64491147,0.49744827,0.64573145,0.49093944,0.64710456,0.5291302,0.6683956,0.5092464,0.6690094,0.5005181,0.6684535,0.49513736,0.6692305,0.53140676,0.68881464,0.5135045,0.6912107,0.5070511,0.69133663,0.50336605,0.6922441,0.535224,0.70623744,0.51981264,0.7100237,0.5139283,0.7103884,0.51046515,0.7119453,0.4718342,0.7067384,0.47614893,0.6715277,0.4912711,0.6494361,0.5066713,0.63946426,0.51875615,0.63446945,0.51207,0.6822728,0.53843606,0.6789549,0.55103195,0.6752454,0.5593089,0.67214084,0.5146892,0.70437646,0.54070944,0.70279133,0.55470216,0.6989816,0.5651089,0.69649523,0.51456887,0.72035617,0.5381731,0.71990556,0.5514766,0.7177302,0.5614948,0.71708286,0.5133126,0.72949135,0.53219646,0.7308292,0.54383683,0.73033804,0.55320156,0.73036027
0.5250915,0.24828641,0.51375127,0.42062497,0.54105365,0.21142817,0.5053793,0.21185167,0.5530711,0.22858183,0.48169932,0.23026223,0.6050158,0.42166522,0.42248678,0.41958475,0.6705153,0.68708265,0.34139323,0.6904054,0.5715782,0.70839655,0.45718426,0.7332876,0.56606144,0.7184621,0.5573134,0.67949045,0.5386316,0.65605456,0.5211939,0.65214324,0.5066034,0.6482027,0.52143407,0.685205,0.5004201,0.68632865,0.48712462,0.6859881,0.47678146,0.6841416,0.5216325,0.7103408,0.5020041,0.71092325,0.48826078,0.70834315,0.47682732,0.70487404,0.52346873,0.73140436,0.5045949,0.73455095,0.49279317,0.73285013,0.48325917,0.7300379,0.52666855,0.74944687,0.50953656,0.752356,0.4990957,0.7521476,0.49052602,0.7513928,0.45224956,0.74721146,0.46082816,0.7085552,0.47972387,0.6899792,0.49822065,0.68469703,0.511837,0.6783759,0.49559653,0.73036146,0.523728,0.72382164,0.53843683,0.71798825,0.5494927,0.7130026,0.49576855,0.7558215,0.5251884,0.75569755,0.5414723,0.74992377,0.5542788,0.74488425,0.49450654,0.7708172,0.52073425,0.7714634,0.53645355,0.7675922,0.5480599,0.76409,0.49332792,0.7770514,0.51506656,0.776829,0.5282576,0.77445245,0.5382604,0.7716543
0.525139,0.24726915,0.5132353,0.42173728,0.54129016,0.21079908,0.5054179,0.21097313,0.55328953,0.22835673,0.48166475,0.22961403,0.60492796,0.42176157,0.42154258,0.421713,0.6698386,0.6870768,0.34007204,0.6898763,0.5695894,0.7141833,0.45543548,0.7399329,0.56509644,0.7263053,0.55676836,0.68651503,0.5382493,0.6632397,0.52047527,0.659205,0.50544024,0.656576,0.51903826,0.69405496,0.49733904,0.69482726,0.48379555,0.6941067,0.47357708,0.69266,0.5190375,0.7193336,0.4984479,0.72027194,0.48458073,0.71767145,0.47342774,0.7145743,0.52049744,0.7394983,0.5010579,0.7420155,0.48940703,0.73987037,0.4801158,0.736984,0.52309513,0.75594515,0.5054571,0.7578812,0.49523187,0.75716245,0.48714212,0.75589114,0.44759455,0.7539881,0.4584317,0.7155252,0.47791055,0.6978725,0.49633193,0.6936317,0.5098635,0.687595,0.49287847,0.738531,0.521059,0.7336508,0.5362333,0.72898865,0.54766417,0.7248446,0.4936404,0.7634546,0.5227534,0.7617501,0.5394997,0.7563545,0.5519423,0.75240695,0.49232742,0.7793368,0.51828146,0.7807052,0.53363776,0.7767942,0.54497766,0.773445,0.49047083,0.7872671,0.511109,0.788392,0.5232188,0.7864666,0.5325181,0.7841456
0.5251528,0.24657668,0.5128907,0.4226274,0.54133284,0.21042664,0.5055597,0.21053183,0.55328923,0.22807778,0.48166013,0.22919063,0.604899,0.42170447,0.42088246,0.4235503,0.66924644,0.6857008,0.34006375,0.68937594,0.56432706,0.7225849,0.45447886,0.74754,0.5629153,0.7369165,0.55443126,0.6972786,0.5360056,0.67425704,0.5180291,0.6703747,0.50329065,0.6665943,0.51584166,0.70723045,0.49397075,0.7097532,0.47991845,0.7104706,0.46964344,0.7102867,0.51601225,0.73229516,0.49517477,0.73390675,0.48076895,0.73200953,0.46950245,0.7297842,0.51731604,0.7514708,0.49766397,0.7540221,0.4852629,0.7525786,0.4754555,0.7508475,0.51966053,0.76669544,0.50176114,0.7683918,0.4904855,0.7677377,0.48146835,0.76652074,0.44253486,0.7618317,0.45478016,0.7240504,0.4739692,0.7073666,0.49298862,0.70479923,0.50735307,0.6999895,0.48885205,0.7493537,0.51650417,0.7474423,0.5320775,0.74448234,0.5439415,0.741925,0.48942268,0.77317345,0.5181743,0.77303153,0.5354534,0.7686791,0.54801077,0.76542073,0.48813817,0.7887403,0.5139735,0.79080063,0.52954817,0.7882973,0.540908,0.7860542,0.48603755,0.7972204,0.5059359,0.8001338,0.51801574,0.79934996,0.5273287,0.79827917
0.5247553,0.24643353,0.51242894,0.42295814,0.5408389,0.21033688,0.505277,0.21051292,0.552929,0.22802377,0.48145258,0.22898693,0.6048156,0.42137495,0.42004225,0.42454132,0.6682472,0.68446136,0.34044927,0.6865769,0.56482816,0.73887515,0.4446802,0.7549198,0.56402224,0.74724245,0.5539051,0.70803887,0.5344267,0.6868083,0.5161434,0.68192446,0.50114834,0.6784569,0.51425606,0.72153145,0.49278957,0.7263038,0.47917947,0.7288116,0.46933123,0.73009056,0.51517963,0.74597824,0.4949813,0.7489895,0.48115042,0.74945265,0.47077256,0.7491053,0.51764435,0.76478803,0.49867496,0.76776737,0.48654675,0.7679344,0.47705507,0.76780254,0.52120656,0.7796771,0.50373983,0.7824086,0.49303585,0.7831652,0.48443234,0.7834747,0.43769056,0.77029026,0.4508654,0.73350346,0.46962434,0.71885705,0.48908743,0.7188576,0.5045551,0.7160768,0.48475185,0.7606086,0.5124053,0.76164335,0.5276886,0.76053333,0.53933483,0.75959224,0.48501658,0.7845729,0.5137915,0.7845293,0.53098714,0.78136194,0.5434272,0.7792056,0.48339817,0.80030733,0.5093573,0.80245394,0.52469355,0.80047315,0.53600967,0.7984971,0.48091435,0.8095788,0.5006108,0.813022,0.51277816,0.8123458,0.5224803,0.8109971
0.52448845,0.24653655,0.5120877,0.42297083,0.5404994,0.21049553,0.5049987,0.21074876,0.5526114,0.22804104,0.48127848,0.22897197,0.60475564,0.4209489,0.4194198,0.42499274,0.6674431,0.6826068,0.34056598,0.685169,0.5662027,0.7422558,0.44169042,0.7560791,0.56500405,0.7477931,0.55385625,0.70936143,0.5338371,0.6896433,0.5155217,0.6850483,0.50054014,0.68227285,0.51325613,0.7245505,0.49273342,0.7321084,0.48000568,0.7370409,0.47119215,0.7406938,0.51483315,0.74803585,0.49563324,0.75287604,0.48254535,0.7554801,0.4730744,0.7574758,0.51796925,0.766569,0.49992192,0.77065766,0.48841026,0.7724025,0.47954383,0.77415806,0.5223123,0.7815552,0.5054375,0.78566676,0.49518013,0.78762746,0.48708555,0.78939945,0.4364107,0.77110755,0.4499209,0.7347145,0.4690009,0.72094333,0.48832712,0.72106683,0.5036627,0.71704054,0.48365882,0.7618434,0.51126534,0.7639042,0.5265325,0.76366097,0.53812087,0.7634708,0.48361298,0.78621256,0.51252717,0.7873313,0.5294312,0.78442895,0.54190075,0.7821998,0.48202324,0.8026227,0.50816923,0.80517167,0.52327645,0.80397254,0.5346129,0.8025827,0.47950348,0.81231695,0.4992375,0.8159201,0.511227,0.8158074,0.5209765,0.8148528
0.5234945,0.24673876,0.5117677,0.42274404,0.53941786,0.2104976,0.5034938,0.2113498,0.5514803,0.2276757,0.48059663,0.22915155,0.6046899,0.4204229,0.41884547,0.42506516,0.66443706,0.6822961,0.3413452,0.6849039,0.5649927,0.74542004,0.44294593,0.7610248,0.56519365,0.75178766,0.5532386,0.7144331,0.53261936,0.6951597,0.514447,0.6917261,0.49980864,0.68938714,0.5120869,0.73043185,0.49189067,0.73846596,0.47951028,0.7435334,0.47090212,0.7471656,0.5139146,0.7540152,0.49527416,0.7594956,0.48243928,0.7627614,0.47304404,0.76544744,0.51731294,0.7724948,0.4998659,0.7775008,0.48868173,0.780097,0.48002836,0.78263164,0.52194476,0.7874055,0.5056247,0.79254276,0.49585277,0.7951259,0.4880402,0.7974095,0.43456134,0.77166927,0.44871908,0.73558265,0.46831104,0.72265327,0.48779088,0.72369796,0.5030237,0.719896,0.4815502,0.7632713,0.5093376,0.76829994,0.5248079,0.76916236,0.536575,0.7695048,0.48136777,0.7883409,0.5108609,0.7917354,0.52808493,0.7900311,0.5407948,0.78841686,0.47954726,0.8050896,0.50596297,0.80973625,0.5214029,0.8090295,0.5327899,0.8074795,0.47689533,0.81495214,0.49700403,0.8196568,0.50915706,0.8199725,0.5188674,0.81892025
0.5228416,0.24726686,0.5113958,0.42246687,0.5385861,0.21059075,0.50249994,0.21268484,0.5503787,0.22733806,0.4800197,0.22964738,0.60462266,0.41985506,0.41816893,0.42507872,0.6629015,0.68178666,0.34216446,0.68488085,0.56561065,0.7464286,0.44242638,0.7649089,0.5641192,0.7541794,0.552339,0.7172782,0.5324139,0.697912,0.5142127,0.6932085,0.4994003,0.69123733,0.5118582,0.7333724,0.4910993,0.73923206,0.4784757,0.74284405,0.46977708,0.74563366,0.5132812,0.75683415,0.49396318,0.7609122,0.48108137,0.7625967,0.47159925,0.76389545,0.51642686,0.7750567,0.49834082,0.77890337,0.4869914,0.7801073,0.47821537,0.7810846,0.52057445,0.7888778,0.5037961,0.79297966,0.49368805,0.7943489,0.48551983,0.79521334,0.4342529,0.7712433,0.44861653,0.7358377,0.46859914,0.7234851,0.4881425,0.7251553,0.5030723,0.7213504,0.4810976,0.7638698,0.50909996,0.76866114,0.5244839,0.76945233,0.53610635,0.7698958,0.48081735,0.7886985,0.5105536,0.7922856,0.5277401,0.7908632,0.5404685,0.78980094,0.47907367,0.8051489,0.5056415,0.8102364,0.521059,0.8091516,0.5324267,0.80715656,0.47661123,0.81474453,0.4972294,0.8191253,0.50970703,0.8187941,0.5197625,0.8171618
0.52148104,0.24729638,0.5110545,0.42236787,0.53754574,0.21062568,0.50105053,0.21348538,0.54968673,0.22732174,0.47948915,0.22997561,0.6042555,0.41959307,0.41785347,0.4251427,0.66107076,0.6806724,0.3425868,0.6848157,0.565812,0.7479693,0.44108182,0.76717764,0.5635915,0.7595961,0.5514962,0.7228397,0.5315129,0.70235914,0.5129676,0.69816726,0.49804297,0.6964135,0.5119249,0.7379231,0.49143463,0.74346316,0.47932664,0.7470131,0.47079632,0.749952,0.5131414,0.7608886,0.4944717,0.764323,0.48222414,0.7660467,0.47301817,0.767722,0.5158864,0.7782102,0.49860853,0.78153276,0.48788428,0.782566,0.47928476,0.78388864,0.51968026,0.7909371,0.50320405,0.794317,0.4936312,0.79544175,0.4858281,0.796266,0.43339863,0.7738002,0.44846073,0.7382111,0.46906418,0.72672844,0.4888611,0.72930694,0.5040917,0.72584814,0.48092607,0.76818275,0.509081,0.7754603,0.524626,0.7775852,0.5362486,0.7787164,0.48002315,0.79344416,0.5098581,0.79944587,0.52684724,0.79873586,0.53924084,0.7979114,0.47775137,0.8102541,0.5047049,0.8163494,0.5202324,0.81586856,0.5314998,0.81469727,0.4749807,0.82003194,0.49592856,0.8245914,0.508154,0.82489556,0.51772934,0.8240834
0.5196145,0.24628818,0.5106426,0.42243525,0.53615075,0.21003984,0.49891695,0.21285495,0.54899067,0.22720216,0.4785317,0.22951649,0.6038229,0.4195965,0.41746226,0.425274,0.65903467,0.6797593,0.34271213,0.6849678,0.5656419,0.75125694,0.44071105,0.76992047,0.562169,0.7652097,0.5504286,0.7280716,0.530581,0.7076888,0.5124849,0.70352024,0.497898,0.70115536,0.51086,0.74276215,0.49056882,0.74903864,0.47820526,0.7522534,0.46999863,0.75435245,0.5118514,0.76525617,0.49310708,0.76912785,0.4807168,0.7701969,0.47186726,0.7711302,0.51422817,0.78194463,0.49683177,0.785484,0.4860249,0.7861438,0.4777677,0.7870808,0.5176633,0.7940442,0.5012242,0.797106,0.49148452,0.79821134,0.48381123,0.7993307,0.43337843,0.77407265,0.44881657,0.7391024,0.46966642,0.7290343,0.48934045,0.73336446,0.50468534,0.73087317,0.48066542,0.77080435,0.50865465,0.7802632,0.5238976,0.78391373,0.5352553,0.7863952,0.47940892,0.7965522,0.50929576,0.8046769,0.5263513,0.80542123,0.53904486,0.80563754,0.4771418,0.8129636,0.5039376,0.82070017,0.5194112,0.8206088,0.5308048,0.8192199,0.47468394,0.8217283,0.49523994,0.828186,0.50754994,0.8289601,0.5173397,0.8278157
0.51868474,0.24600019,0.51032966,0.42248204,0.53535837,0.2098162,0.49777454,0.21263252,0.5484065,0.22714555,0.47787958,0.22927837,0.60356194,0.41958258,0.4170974,0.4253815,0.6582631,0.67912674,0.34266916,0.68505985,0.56556624,0.7522436,0.44143757,0.7718126,0.5619504,0.7651514,0.5504565,0.7283899,0.53065974,0.70854884,0.5123573,0.70421094,0.49778944,0.7015857,0.5112488,0.743249,0.49108025,0.7485512,0.4787686,0.7514546,0.47021878,0.75347686,0.5122013,0.76545423,0.49352467,0.76896423,0.48113394,0.7699168,0.4717296,0.77071863,0.51459074,0.78201634,0.49725905,0.7852203,0.48649293,0.7855193,0.4778857,0.7860362,0.5179694,0.7938522,0.5017253,0.79700637,0.49199697,0.79778606,0.48403534,0.7983538,0.43333173,0.7744542,0.44903636,0.7395367,0.46971327,0.72957015,0.48936617,0.7339011,0.5047188,0.7314202,0.48087412,0.7712192,0.5085328,0.7808937,0.52377975,0.7843871,0.5352649,0.7867513,0.47950906,0.7968851,0.50894415,0.80492795,0.526028,0.80570674,0.5388613,0.80591667,0.47701547,0.8134346,0.50334734,0.8212501,0.5188864,0.8214114,0.53043664,0.82017446,0.47434044,0.8225807,0.49457192,0.8290351,0.50673795,0.82984453,0.5164386,0.82881504
0.51800394,0.24615227,0.51001585,0.42248172,0.53479517,0.20983309,0.49682385,0.21266267,0.5477679,0.22713757,0.4773396,0.2292301,0.6032634,0.4195412,0.41676837,0.42542225,0.6580484,0.67876965,0.34270033,0.6851873,0.5652212,0.75193435,0.44200966,0.7738384,0.56213117,0.7647214,0.550347,0.72868896,0.5305465,0.7093746,0.51219374,0.7048293,0.49730554,0.70196813,0.5113993,0.7440799,0.4917186,0.7496677,0.4795157,0.75301427,0.47046286,0.7555673,0.5123983,0.7656121,0.49432644,0.7690987,0.4820913,0.7704861,0.4722433,0.7717042,0.51484954,0.7818895,0.49802384,0.78494596,0.4873632,0.7853308,0.47837391,0.7859928,0.5183681,0.7935583,0.50244844,0.7966067,0.49281248,0.7973187,0.48469532,0.79801965,0.43336657,0.7744969,0.44905198,0.740128,0.46998256,0.7301799,0.48983648,0.73472714,0.5050983,0.7320979,0.48115999,0.7722332,0.50869906,0.7811631,0.5238092,0.7843043,0.53525746,0.78658915,0.47970596,0.79766643,0.5090224,0.8046454,0.52603704,0.80543244,0.53895134,0.8059632,0.4771451,0.81407434,0.50327635,0.82139254,0.5186791,0.82147914,0.53025126,0.82031775,0.4743953,0.82313555,0.49468097,0.8287286,0.5067483,0.8293564,0.51650345,0.8284532
0.517323,0.24615997,0.50973314,0.42243886,0.5341025,0.2096775,0.495975,0.21262206,0.5469847,0.22688636,0.4769495,0.22907248,0.60303134,0.41946113,0.41643494,0.4254166,0.6580308,0.6785981,0.34270594,0.68539435,0.5649404,0.7512796,0.44236514,0.77438426,0.5623214,0.764362,0.5505644,0.7284201,0.53040504,0.70925236,0.51200956,0.70497465,0.49732485,0.7019345,0.5115359,0.7443637,0.49212655,0.7501086,0.4803323,0.75401664,0.47139797,0.75728387,0.5126886,0.76605546,0.4950554,0.7695794,0.48318258,0.7713142,0.4735516,0.77313304,0.51526916,0.7821709,0.4988317,0.78557193,0.48850074,0.7861717,0.47965282,0.78734905,0.51881963,0.7936345,0.5031361,0.7970951,0.49385184,0.7980068,0.48601773,0.7988887,0.43349546,0.7751767,0.44923526,0.7405499,0.47042042,0.73042786,0.49030527,0.7348608,0.5052389,0.7317379,0.4806284,0.7717225,0.508498,0.7807108,0.5237603,0.7840313,0.5352136,0.7865244,0.47926274,0.7972503,0.5089687,0.8043286,0.5262143,0.8053173,0.539221,0.8060788,0.476915,0.8139216,0.5033376,0.82151824,0.51879996,0.82165265,0.53035194,0.8206227,0.47434714,0.8232676,0.49476486,0.8292243,0.5070112,0.8301151,0.5168358,0.82948124
0.51636744,0.24615084,0.50961703,0.42242244,0.53328717,0.20945011,0.49503735,0.21256478,0.5463983,0.22650218,0.47659093,0.22890148,0.6029456,0.41940355,0.41628847,0.42544132,0.6580201,0.6784432,0.3426786,0.6854439,0.56469285,0.75142497,0.44244856,0.7739988,0.5621513,0.76446205,0.55057305,0.72871226,0.53059953,0.7092249,0.51222146,0.705242,0.4973441,0.70207703,0.51163155,0.7439367,0.49208105,0.7496596,0.48020557,0.7534818,0.47130746,0.7565525,0.5127971,0.7657886,0.49512172,0.76921785,0.48313504,0.7710358,0.4736159,0.7728265,0.5154586,0.78214127,0.4990816,0.7853902,0.48865655,0.7862328,0.47985905,0.78744096,0.5190626,0.7939311,0.5035108,0.79724383,0.49419457,0.7983971,0.48632005,0.79947984,0.4339396,0.7746956,0.4496624,0.740035,0.47078735,0.7302887,0.4906995,0.7348814,0.5060088,0.73232764,0.48074892,0.77187026,0.50880104,0.78061944,0.5240491,0.78380996,0.53548676,0.7862315,0.47929972,0.79735804,0.50917035,0.8042168,0.5263003,0.8048902,0.5391818,0.80563563,0.47696322,0.8138597,0.50368035,0.8212786,0.5190751,0.8211501,0.530518,0.8201317,0.47450897,0.8229579,0.4952282,0.8284274,0.5074464,0.82895213,0.5172266,0.82808673
0.5153555,0.24632746,0.50956404,0.4224053,0.532557,0.20947747,0.49416357,0.21277371,0.54589164,0.22638589,0.47629914,0.2288752,0.60291773,0.41934723,0.4162104,0.42546335,0.65793675,0.67825305,0.34269568,0.6853925,0.56431305,0.7517529,0.44191858,0.77365214,0.5625868,0.7644154,0.5510705,0.728831,0.5309919,0.7094331,0.51247287,0.70510787,0.49734196,0.7023045,0.51156807,0.74349385,0.49209523,0.7491519,0.48024607,0.75288516,0.47148827,0.755902,0.51284623,0.7656921,0.4952577,0.7693772,0.4831971,0.7711881,0.4737754,0.772712,0.515652,0.7828472,0.49923944,0.78613967,0.4888321,0.7867984,0.48011088,0.78782016,0.5195412,0.7955394,0.503844,0.79881334,0.49455318,0.7998049,0.4866827,0.80077714,0.43373638,0.7736027,0.44957358,0.73895013,0.47115225,0.72979814,0.49124536,0.73532563,0.5062826,0.7327877,0.48099196,0.7712524,0.5091056,0.7793138,0.52424276,0.78263307,0.5356939,0.785422,0.47954488,0.79632074,0.50931764,0.8024631,0.5263811,0.80357957,0.5392151,0.8050826,0.47710174,0.8127391,0.5035099,0.81985354,0.51878834,0.820197,0.53015274,0.81997585,0.47452253,0.8221431,0.49530753,0.8275603,0.50766504,0.82823163,0.51753724,0.8278952
0.5146263,0.24679826,0.5095233,0.42236048,0.53205204,0.2096317,0.49347356,0.21330115,0.5455673,0.22635904,0.4760357,0.22889006,0.6028906,0.41923505,0.416156,0.42548588,0.6579009,0.6780883,0.3426995,0.68529147,0.56402063,0.7519474,0.44132653,0.77356917,0.56238675,0.763955,0.5509554,0.7287418,0.53115857,0.7094869,0.5126675,0.70535505,0.49748188,0.70230114,0.51155454,0.74355,0.49177784,0.7489867,0.4796055,0.75241286,0.47070643,0.7549787,0.5126364,0.76516736,0.49466157,0.7687434,0.48229906,0.770447,0.4726133,0.7716802,0.51517266,0.78157127,0.49841875,0.78469056,0.48767048,0.785366,0.4787893,0.7862342,0.5188118,0.79347867,0.5028487,0.7964403,0.49313435,0.797242,0.4849617,0.7979913,0.43415883,0.77314997,0.45000368,0.7387639,0.47129032,0.72944206,0.49126235,0.73498124,0.5064363,0.7329533,0.4811952,0.7710462,0.5092301,0.7791002,0.5242418,0.78237367,0.53561807,0.785321,0.4797901,0.79610705,0.50954527,0.80192024,0.52658427,0.8031009,0.5393523,0.8048427,0.4772948,0.8125118,0.50365865,0.81952816,0.51894504,0.8199909,0.5303582,0.81997573,0.474665,0.8219674,0.49528438,0.82716936,0.5076137,0.8277984,0.5175123,0.8275064
0.5139182,0.2473681,0.5094676,0.4223188,0.5316386,0.20981893,0.4927494,0.21386808,0.5453108,0.22631645,0.47578853,0.22890346,0.60287297,0.41914713,0.4160622,0.42549044,0.6578781,0.6778663,0.34270042,0.6852297,0.5639873,0.75207347,0.44121668,0.7734925,0.56254315,0.76369184,0.5509165,0.7282272,0.5309575,0.7092977,0.5126382,0.705043,0.49770564,0.7023134,0.51147074,0.7431489,0.49195004,0.74905014,0.48001805,0.7528211,0.47145227,0.7557199,0.5126745,0.76502544,0.4948511,0.7692858,0.48262665,0.7713832,0.47337928,0.7730876,0.5154023,0.7818763,0.49873555,0.78574127,0.4882035,0.7870807,0.47968036,0.7886582,0.51928806,0.79442525,0.50356764,0.7981772,0.49421343,0.79966855,0.48645526,0.80112493,0.43415534,0.7727836,0.4501167,0.73813456,0.47148854,0.72913724,0.4914106,0.73491806,0.50655013,0.73317957,0.4817966,0.77158546,0.5095909,0.77929854,0.5244309,0.782299,0.5357287,0.7850175,0.48015407,0.7964534,0.5096844,0.80222476,0.52657413,0.8031761,0.53929144,0.8048609,0.47729924,0.81259036,0.5034853,0.8198151,0.51874787,0.8203285,0.53015924,0.82038283,0.47436246,0.8218963,0.4948849,0.82773554,0.50725967,0.8286474,0.51729053,0.8286939
0.51348704,0.24787268,0.50941384,0.4222981,0.5313759,0.21000616,0.49232295,0.21436006,0.5451382,0.22629757,0.47561452,0.22892813,0.60285735,0.41910157,0.41597027,0.42549464,0.6578726,0.6777281,0.34269917,0.685176,0.5639856,0.75227636,0.44116116,0.7733695,0.562466,0.76415896,0.55099535,0.7285807,0.53088504,0.70949084,0.5125783,0.7051373,0.49768806,0.7024733,0.5115557,0.7431032,0.49201563,0.74900866,0.48003927,0.7528238,0.47148246,0.7557254,0.51272213,0.76512057,0.49488258,0.76950496,0.4825544,0.7717308,0.47321367,0.77356917,0.5154111,0.7821234,0.4987265,0.7861707,0.4881442,0.7876457,0.4795573,0.7894189,0.5192557,0.7948687,0.5034959,0.79872966,0.49401164,0.8003442,0.4860827,0.801942,0.43401346,0.77276325,0.4500814,0.73825943,0.47142577,0.7291243,0.49137422,0.7349492,0.5065289,0.73306113,0.48179168,0.7714868,0.5095134,0.77928764,0.5243189,0.78233844,0.53565896,0.78505635,0.480083,0.79628897,0.5094524,0.80206937,0.52633256,0.8031705,0.53913736,0.8049221,0.47719872,0.8123844,0.5032627,0.8195008,0.51856273,0.8202174,0.5300685,0.82040775,0.47429687,0.82177836,0.49485162,0.82744694,0.50730807,0.82837236,0.51745164,0.82846147
